Workbook

Sheet สรุปยานพาหนะ 67-70 (2)
A1: สถิติงบลงทุน 3 ปีย้อนหลัง (2567-2570) (ประเภท ยานพาหนะและขนส่ง)
A3: จังหวัด | B3: หน่วยงานที่ขอ | C3: พรบ. 67 | F3: พรบ. 68 | I3: พรบ. 69 | L3: คำขอ 70
C4: ครุภัณฑ์ | D4: จำนวน | E4: รวม | F4: ครุภัณฑ์ | G4: จำนวน | H4: รวม | I4: ครุภัณฑ์ | J4: จำนวน | K4: รวม | L4: ครุภัณฑ์ | M4: จำนวน (ขอทดแทน) | N4: จำนวน (เพิ่มประสิทธิภาพ) | O4: จำนวน (รวมคำขอทั้งสิ้น) | P4: รวม
A5: ภาคเหนือ
A6: เชียงราย | B6: พมจ.เชียงราย | C6: =SUMIFS('ครุภัณฑ์ 67'!G:G,'ครุภัณฑ์ 67'!C:C,"ยานพาหนะและขนส่ง",'ครุภัณฑ์ 67'!E:E,B6) -> 0 | D6: =SUMIFS('ครุภัณฑ์ 67'!F:F,'ครุภัณฑ์ 67'!C:C,"ยานพาหนะและขนส่ง",'ครุภัณฑ์ 67'!E:E,B6) -> 0 | E6: =C6:C17 -> 0 | F6: =SUMIFS('ครุภัณฑ์ 68'!G:G,'ครุภัณฑ์ 68'!C:C,"ยานพาหนะและขนส่ง",'ครุภัณฑ์ 68'!E:E,B6) -> 0 | G6: =SUMIFS('ครุภัณฑ์ 68'!F:F,'ครุภัณฑ์ 68'!C:C,"ยานพาหนะและขนส่ง",'ครุภัณฑ์ 68'!E:E,B6) -> 0 | H6: =F6 -> 0 | I6: =SUMIFS('ครุภัณฑ์ 69'!G:G,'ครุภัณฑ์ 69'!C:C,"ยานพาหนะและขนส่ง",'ครุภัณฑ์ 69'!E:E,B6) -> 0 | J6: =SUMIFS('ครุภัณฑ์ 69'!F:F,'ครุภัณฑ์ 69'!C:C,"ยานพาหนะและขนส่ง",'ครุภัณฑ์ 69'!E:E,B6) -> 0 | K6: =I6 -> 0 | L6: =SUMIFS('รวมครุภัณฑ์ 70'!L:L,'รวมครุภัณฑ์ 70'!C:C,"ครุภัณฑ์ยานพาหนะและขนส่ง",'รวมครุภัณฑ์ 70'!H:H,B6) -> 1207900 | M6: =SUMIFS('รวมครุภัณฑ์ 70'!Q:Q,'รวมครุภัณฑ์ 70'!C:C,"ครุภัณฑ์ยานพาหนะและขนส่ง",'รวมครุภัณฑ์ 70'!H:H,B6) -> 1 | N6: =SUMIFS('รวมครุภัณฑ์ 70'!R:R,'รวมครุภัณฑ์ 70'!C:C,"ครุภัณฑ์ยานพาหนะและขนส่ง",'รวมครุภัณฑ์ 70'!H:H,B6) -> 0 | O6: =M6+N6 -> 1 | P6: =L6 -> 1207900 | Q6: =SUM(L6:L17) -> 13982300
A7: เชียงราย | B7: สคม.เชียงราย | C7: =SUMIFS('ครุภัณฑ์ 67'!G:G,'ครุภัณฑ์ 67'!C:C,"ยานพาหนะและขนส่ง",'ครุภัณฑ์ 67'!E:E,B7) -> 0 | D7: =SUMIFS('ครุภัณฑ์ 67'!F:F,'ครุภัณฑ์ 67'!C:C,"ยานพาหนะและขนส่ง",'ครุภัณฑ์ 67'!E:E,B7) -> 0 | E7: =C7:C18 -> 0 | F7: =SUMIFS('ครุภัณฑ์ 68'!G:G,'ครุภัณฑ์ 68'!C:C,"ยานพาหนะและขนส่ง",'ครุภัณฑ์ 68'!E:E,B7) -> 0 | G7: =SUMIFS('ครุภัณฑ์ 68'!F:F,'ครุภัณฑ์ 68'!C:C,"ยานพาหนะและขนส่ง",'ครุภัณฑ์ 68'!E:E,B7) -> 0 | H7: =F7 -> 0 | I7: =SUMIFS('ครุภัณฑ์ 69'!G:G,'ครุภัณฑ์ 69'!C:C,"ยานพาหนะและขนส่ง",'ครุภัณฑ์ 69'!E:E,B7) -> 0 | J7: =SUMIFS('ครุภัณฑ์ 69'!F:F,'ครุภัณฑ์ 69'!C:C,"ยานพาหนะและขนส่ง",'ครุภัณฑ์ 69'!E:E,B7) -> 0 | K7: =I7 -> 0 | L7: =SUMIFS('รวมครุภัณฑ์ 70'!L:L,'รวมครุภัณฑ์ 70'!C:C,"ครุภัณฑ์ยานพาหนะและขนส่ง",'รวมครุภัณฑ์ 70'!H:H,B7) -> 2707900 | M7: =SUMIFS('รวมครุภัณฑ์ 70'!Q:Q,'รวมครุภัณฑ์ 70'!C:C,"ครุภัณฑ์ยานพาหนะและขนส่ง",'รวมครุภัณฑ์ 70'!H:H,B7) -> 2 | N7: =SUMIFS('รวมครุภัณฑ์ 70'!R:R,'รวมครุภัณฑ์ 70'!C:C,"ครุภัณฑ์ยานพาหนะและขนส่ง",'รวมครุภัณฑ์ 70'!H:H,B7) -> 0 | O7: =M7+N7 -> 2 | P7: =L7 -> 2707900 | Q7: =SUM(#REF!) -> #REF!
A8: เชียงใหม่ | B8: สสว.9 | C8: =SUMIFS('ครุภัณฑ์ 67'!G:G,'ครุภัณฑ์ 67'!C:C,"ยานพาหนะและขนส่ง",'ครุภัณฑ์ 67'!E:E,B8) -> 2448900 | D8: =SUMIFS('ครุภัณฑ์ 67'!F:F,'ครุภัณฑ์ 67'!C:C,"ยานพาหนะและขนส่ง",'ครุภัณฑ์ 67'!E:E,B8) -> 2 | E8: =C8:C19 -> 2448900 | F8: =SUMIFS('ครุภัณฑ์ 68'!G:G,'ครุภัณฑ์ 68'!C:C,"ยานพาหนะและขนส่ง",'ครุภัณฑ์ 68'!E:E,B8) -> 0 | G8: =SUMIFS('ครุภัณฑ์ 68'!F:F,'ครุภัณฑ์ 68'!C:C,"ยานพาหนะและขนส่ง",'ครุภัณฑ์ 68'!E:E,B8) -> 0 | H8: =F8 -> 0 | I8: =SUMIFS('ครุภัณฑ์ 69'!G:G,'ครุภัณฑ์ 69'!C:C,"ยานพาหนะและขนส่ง",'ครุภัณฑ์ 69'!E:E,B8) -> 0 | J8: =SUMIFS('ครุภัณฑ์ 69'!F:F,'ครุภัณฑ์ 69'!C:C,"ยานพาหนะและขนส่ง",'ครุภัณฑ์ 69'!E:E,B8) -> 0 | K8: =I8 -> 0 | L8: =SUMIFS('รวมครุภัณฑ์ 70'!L:L,'รวมครุภัณฑ์ 70'!C:C,"ครุภัณฑ์ยานพาหนะและขนส่ง",'รวมครุภัณฑ์ 70'!H:H,B8) -> 0 | M8: =SUMIFS('รวมครุภัณฑ์ 70'!Q:Q,'รวมครุภัณฑ์ 70'!C:C,"ครุภัณฑ์ยานพาหนะและขนส่ง",'รวมครุภัณฑ์ 70'!H:H,B8) -> 0 | N8: =SUMIFS('รวมครุภัณฑ์ 70'!R:R,'รวมครุภัณฑ์ 70'!C:C,"ครุภัณฑ์ยานพาหนะและขนส่ง",'รวมครุภัณฑ์ 70'!H:H,B8) -> 0 | O8: =M8+N8 -> 0 | P8: =L8 -> 0 | Q8: =SUM(P6:P17) -> 13982300
A9: เชียงใหม่ | B9: พมจ.เชียงใหม่ | C9: =SUMIFS('ครุภัณฑ์ 67'!G:G,'ครุภัณฑ์ 67'!C:C,"ยานพาหนะและขนส่ง",'ครุภัณฑ์ 67'!E:E,B9) -> 0 | D9: =SUMIFS('ครุภัณฑ์ 67'!F:F,'ครุภัณฑ์ 67'!C:C,"ยานพาหนะและขนส่ง",'ครุภัณฑ์ 67'!E:E,B9) -> 0 | E9: - | F9: =SUMIFS('ครุภัณฑ์ 68'!G:G,'ครุภัณฑ์ 68'!C:C,"ยานพาหนะและขนส่ง",'ครุภัณฑ์ 68'!E:E,B9) -> 1358000 | G9: =SUMIFS('ครุภัณฑ์ 68'!F:F,'ครุภัณฑ์ 68'!C:C,"ยานพาหนะและขนส่ง",'ครุภัณฑ์ 68'!E:E,B9) -> 1 | H9: =F9 -> 1358000 | I9: =SUMIFS('ครุภัณฑ์ 69'!G:G,'ครุภัณฑ์ 69'!C:C,"ยานพาหนะและขนส่ง",'ครุภัณฑ์ 69'!E:E,B9) -> 0 | J9: =SUMIFS('ครุภัณฑ์ 69'!F:F,'ครุภัณฑ์ 69'!C:C,"ยานพาหนะและขนส่ง",'ครุภัณฑ์ 69'!E:E,B9) -> 0 | K9: =I9 -> 0 | L9: =SUMIFS('รวมครุภัณฑ์ 70'!L:L,'รวมครุภัณฑ์ 70'!C:C,"ครุภัณฑ์ยานพาหนะและขนส่ง",'รวมครุภัณฑ์ 70'!H:H,B9) -> 1207900 | M9: =SUMIFS('รวมครุภัณฑ์ 70'!Q:Q,'รวมครุภัณฑ์ 70'!C:C,"ครุภัณฑ์ยานพาหนะและขนส่ง",'รวมครุภัณฑ์ 70'!H:H,B9) -> 1 | N9: =SUMIFS('รวมครุภัณฑ์ 70'!R:R,'รวมครุภัณฑ์ 70'!C:C,"ครุภัณฑ์ยานพาหนะและขนส่ง",'รวมครุภัณฑ์ 70'!H:H,B9) -> 0 | O9: =M9+N9 -> 1 | P9: =L9 -> 1207900
A10: น่าน | B10: พมจ.น่าน | C10: =SUMIFS('ครุภัณฑ์ 67'!G:G,'ครุภัณฑ์ 67'!C:C,"ยานพาหนะและขนส่ง",'ครุภัณฑ์ 67'!E:E,B10) -> 1358000 | D10: =SUMIFS('ครุภัณฑ์ 67'!F:F,'ครุภัณฑ์ 67'!C:C,"ยานพาหนะและขนส่ง",'ครุภัณฑ์ 67'!E:E,B10) -> 1 | E10: =C10:C21 -> 1358000 | F10: =SUMIFS('ครุภัณฑ์ 68'!G:G,'ครุภัณฑ์ 68'!C:C,"ยานพาหนะและขนส่ง",'ครุภัณฑ์ 68'!E:E,B10) -> 0 | G10: =SUMIFS('ครุภัณฑ์ 68'!F:F,'ครุภัณฑ์ 68'!C:C,"ยานพาหนะและขนส่ง",'ครุภัณฑ์ 68'!E:E,B10) -> 0 | H10: =F10 -> 0 | I10: =SUMIFS('ครุภัณฑ์ 69'!G:G,'ครุภัณฑ์ 69'!C:C,"ยานพาหนะและขนส่ง",'ครุภัณฑ์ 69'!E:E,B10) -> 0 | J10: =SUMIFS('ครุภัณฑ์ 69'!F:F,'ครุภัณฑ์ 69'!C:C,"ยานพาหนะและขนส่ง",'ครุภัณฑ์ 69'!E:E,B10) -> 0 | K10: =I10 -> 0 | L10: =SUMIFS('รวมครุภัณฑ์ 70'!L:L,'รวมครุภัณฑ์ 70'!C:C,"ครุภัณฑ์ยานพาหนะและขนส่ง",'รวมครุภัณฑ์ 70'!H:H,B10) -> 1207900 | M10: =SUMIFS('รวมครุภัณฑ์ 70'!Q:Q,'รวมครุภัณฑ์ 70'!C:C,"ครุภัณฑ์ยานพาหนะและขนส่ง",'รวมครุภัณฑ์ 70'!H:H,B10) -> 1 | N10: =SUMIFS('รวมครุภัณฑ์ 70'!R:R,'รวมครุภัณฑ์ 70'!C:C,"ครุภัณฑ์ยานพาหนะและขนส่ง",'รวมครุภัณฑ์ 70'!H:H,B10) -> 0 | O10: =M10+N10 -> 1 | P10: =L10 -> 1207900
A11: พะเยา | B11: พมจ.พะเยา | C11: =SUMIFS('ครุภัณฑ์ 67'!G:G,'ครุภัณฑ์ 67'!C:C,"ยานพาหนะและขนส่ง",'ครุภัณฑ์ 67'!E:E,B11) -> 0 | D11: =SUMIFS('ครุภัณฑ์ 67'!F:F,'ครุภัณฑ์ 67'!C:C,"ยานพาหนะและขนส่ง",'ครุภัณฑ์ 67'!E:E,B11) -> 0 | E11: =C11:C22 -> 0 | F11: =SUMIFS('ครุภัณฑ์ 68'!G:G,'ครุภัณฑ์ 68'!C:C,"ยานพาหนะและขนส่ง",'ครุภัณฑ์ 68'!E:E,B11) -> 0 | G11: =SUMIFS('ครุภัณฑ์ 68'!F:F,'ครุภัณฑ์ 68'!C:C,"ยานพาหนะและขนส่ง",'ครุภัณฑ์ 68'!E:E,B11) -> 0 | H11: =F11 -> 0 | I11: =SUMIFS('ครุภัณฑ์ 69'!G:G,'ครุภัณฑ์ 69'!C:C,"ยานพาหนะและขนส่ง",'ครุภัณฑ์ 69'!E:E,B11) -> 0 | J11: =SUMIFS('ครุภัณฑ์ 69'!F:F,'ครุภัณฑ์ 69'!C:C,"ยานพาหนะและขนส่ง",'ครุภัณฑ์ 69'!E:E,B11) -> 0 | K11: =I11 -> 0 | L11: =SUMIFS('รวมครุภัณฑ์ 70'!L:L,'รวมครุภัณฑ์ 70'!C:C,"ครุภัณฑ์ยานพาหนะและขนส่ง",'รวมครุภัณฑ์ 70'!H:H,B11) -> 0 | M11: =SUMIFS('รวมครุภัณฑ์ 70'!Q:Q,'รวมครุภัณฑ์ 70'!C:C,"ครุภัณฑ์ยานพาหนะและขนส่ง",'รวมครุภัณฑ์ 70'!H:H,B11) -> 0 | N11: =SUMIFS('รวมครุภัณฑ์ 70'!R:R,'รวมครุภัณฑ์ 70'!C:C,"ครุภัณฑ์ยานพาหนะและขนส่ง",'รวมครุภัณฑ์ 70'!H:H,B11) -> 0 | O11: =M11+N11 -> 0 | P11: =L11 -> 0
A12: แพร่ | B12: พมจ.แพร่ | C12: =SUMIFS('ครุภัณฑ์ 67'!G:G,'ครุภัณฑ์ 67'!C:C,"ยานพาหนะและขนส่ง",'ครุภัณฑ์ 67'!E:E,B12) -> 0 | D12: =SUMIFS('ครุภัณฑ์ 67'!F:F,'ครุภัณฑ์ 67'!C:C,"ยานพาหนะและขนส่ง",'ครุภัณฑ์ 67'!E:E,B12) -> 0 | E12: =C12:C23 -> 0 | F12: =SUMIFS('ครุภัณฑ์ 68'!G:G,'ครุภัณฑ์ 68'!C:C,"ยานพาหนะและขนส่ง",'ครุภัณฑ์ 68'!E:E,B12) -> 885900 | G12: =SUMIFS('ครุภัณฑ์ 68'!F:F,'ครุภัณฑ์ 68'!C:C,"ยานพาหนะและขนส่ง",'ครุภัณฑ์ 68'!E:E,B12) -> 1 | H12: =F12 -> 885900 | I12: =SUMIFS('ครุภัณฑ์ 69'!G:G,'ครุภัณฑ์ 69'!C:C,"ยานพาหนะและขนส่ง",'ครุภัณฑ์ 69'!E:E,B12) -> 0 | J12: =SUMIFS('ครุภัณฑ์ 69'!F:F,'ครุภัณฑ์ 69'!C:C,"ยานพาหนะและขนส่ง",'ครุภัณฑ์ 69'!E:E,B12) -> 0 | K12: =I12 -> 0 | L12: =SUMIFS('รวมครุภัณฑ์ 70'!L:L,'รวมครุภัณฑ์ 70'!C:C,"ครุภัณฑ์ยานพาหนะและขนส่ง",'รวมครุภัณฑ์ 70'!H:H,B12) -> 0 | M12: =SUMIFS('รวมครุภัณฑ์ 70'!Q:Q,'รวมครุภัณฑ์ 70'!C:C,"ครุภัณฑ์ยานพาหนะและขนส่ง",'รวมครุภัณฑ์ 70'!H:H,B12) -> 0 | N12: =SUMIFS('รวมครุภัณฑ์ 70'!R:R,'รวมครุภัณฑ์ 70'!C:C,"ครุภัณฑ์ยานพาหนะและขนส่ง",'รวมครุภัณฑ์ 70'!H:H,B12) -> 0 | O12: =M12+N12 -> 0 | P12: =L12 -> 0
A13: แม่ฮ่องสอน | B13: พมจ.แม่ฮ่องสอน | C13: =SUMIFS('ครุภัณฑ์ 67'!G:G,'ครุภัณฑ์ 67'!C:C,"ยานพาหนะและขนส่ง",'ครุภัณฑ์ 67'!E:E,B13) -> 0 | D13: =SUMIFS('ครุภัณฑ์ 67'!F:F,'ครุภัณฑ์ 67'!C:C,"ยานพาหนะและขนส่ง",'ครุภัณฑ์ 67'!E:E,B13) -> 0 | E13: =C13:C24 -> 0 | F13: =SUMIFS('ครุภัณฑ์ 68'!G:G,'ครุภัณฑ์ 68'!C:C,"ยานพาหนะและขนส่ง",'ครุภัณฑ์ 68'!E:E,B13) -> 1090900 | G13: =SUMIFS('ครุภัณฑ์ 68'!F:F,'ครุภัณฑ์ 68'!C:C,"ยานพาหนะและขนส่ง",'ครุภัณฑ์ 68'!E:E,B13) -> 1 | H13: =F13 -> 1090900 | I13: =SUMIFS('ครุภัณฑ์ 69'!G:G,'ครุภัณฑ์ 69'!C:C,"ยานพาหนะและขนส่ง",'ครุภัณฑ์ 69'!E:E,B13) -> 1369000 | J13: =SUMIFS('ครุภัณฑ์ 69'!F:F,'ครุภัณฑ์ 69'!C:C,"ยานพาหนะและขนส่ง",'ครุภัณฑ์ 69'!E:E,B13) -> 1 | K13: =I13 -> 1369000 | L13: =SUMIFS('รวมครุภัณฑ์ 70'!L:L,'รวมครุภัณฑ์ 70'!C:C,"ครุภัณฑ์ยานพาหนะและขนส่ง",'รวมครุภัณฑ์ 70'!H:H,B13) -> 1268000 | M13: =SUMIFS('รวมครุภัณฑ์ 70'!Q:Q,'รวมครุภัณฑ์ 70'!C:C,"ครุภัณฑ์ยานพาหนะและขนส่ง",'รวมครุภัณฑ์ 70'!H:H,B13) -> 2 | N13: =SUMIFS('รวมครุภัณฑ์ 70'!R:R,'รวมครุภัณฑ์ 70'!C:C,"ครุภัณฑ์ยานพาหนะและขนส่ง",'รวมครุภัณฑ์ 70'!H:H,B13) -> 0 | O13: =M13+N13 -> 2 | P13: =L13 -> 1268000
A14: ลำปาง | B14: พมจ.ลำปาง | C14: =SUMIFS('ครุภัณฑ์ 67'!G:G,'ครุภัณฑ์ 67'!C:C,"ยานพาหนะและขนส่ง",'ครุภัณฑ์ 67'!E:E,B14) -> 0 | D14: =SUMIFS('ครุภัณฑ์ 67'!F:F,'ครุภัณฑ์ 67'!C:C,"ยานพาหนะและขนส่ง",'ครุภัณฑ์ 67'!E:E,B14) -> 0 | E14: =C14:C25 -> 0 | F14: =SUMIFS('ครุภัณฑ์ 68'!G:G,'ครุภัณฑ์ 68'!C:C,"ยานพาหนะและขนส่ง",'ครุภัณฑ์ 68'!E:E,B14) -> 1358000 | G14: =SUMIFS('ครุภัณฑ์ 68'!F:F,'ครุภัณฑ์ 68'!C:C,"ยานพาหนะและขนส่ง",'ครุภัณฑ์ 68'!E:E,B14) -> 1 | H14: =F14 -> 1358000 | I14: =SUMIFS('ครุภัณฑ์ 69'!G:G,'ครุภัณฑ์ 69'!C:C,"ยานพาหนะและขนส่ง",'ครุภัณฑ์ 69'!E:E,B14) -> 0 | J14: =SUMIFS('ครุภัณฑ์ 69'!F:F,'ครุภัณฑ์ 69'!C:C,"ยานพาหนะและขนส่ง",'ครุภัณฑ์ 69'!E:E,B14) -> 0 | K14: =I14 -> 0 | L14: =SUMIFS('รวมครุภัณฑ์ 70'!L:L,'รวมครุภัณฑ์ 70'!C:C,"ครุภัณฑ์ยานพาหนะและขนส่ง",'รวมครุภัณฑ์ 70'!H:H,B14) -> 970900 | M14: =SUMIFS('รวมครุภัณฑ์ 70'!Q:Q,'รวมครุภัณฑ์ 70'!C:C,"ครุภัณฑ์ยานพาหนะและขนส่ง",'รวมครุภัณฑ์ 70'!H:H,B14) -> 1 | N14: =SUMIFS('รวมครุภัณฑ์ 70'!R:R,'รวมครุภัณฑ์ 70'!C:C,"ครุภัณฑ์ยานพาหนะและขนส่ง",'รวมครุภัณฑ์ 70'!H:H,B14) -> 0 | O14: =M14+N14 -> 1 | P14: =L14 -> 970900
A15: ลำพูน | B15: พมจ.ลำพูน | C15: =SUMIFS('ครุภัณฑ์ 67'!G:G,'ครุภัณฑ์ 67'!C:C,"ยานพาหนะและขนส่ง",'ครุภัณฑ์ 67'!E:E,B15) -> 0 | D15: =SUMIFS('ครุภัณฑ์ 67'!F:F,'ครุภัณฑ์ 67'!C:C,"ยานพาหนะและขนส่ง",'ครุภัณฑ์ 67'!E:E,B15) -> 0 | E15: =C15:C26 -> 0 | F15: =SUMIFS('ครุภัณฑ์ 68'!G:G,'ครุภัณฑ์ 68'!C:C,"ยานพาหนะและขนส่ง",'ครุภัณฑ์ 68'!E:E,B15) -> 0 | G15: =SUMIFS('ครุภัณฑ์ 68'!F:F,'ครุภัณฑ์ 68'!C:C,"ยานพาหนะและขนส่ง",'ครุภัณฑ์ 68'!E:E,B15) -> 0 | H15: =F15 -> 0 | I15: =SUMIFS('ครุภัณฑ์ 69'!G:G,'ครุภัณฑ์ 69'!C:C,"ยานพาหนะและขนส่ง",'ครุภัณฑ์ 69'!E:E,B15) -> 0 | J15: =SUMIFS('ครุภัณฑ์ 69'!F:F,'ครุภัณฑ์ 69'!C:C,"ยานพาหนะและขนส่ง",'ครุภัณฑ์ 69'!E:E,B15) -> 0 | K15: =I15 -> 0 | L15: =SUMIFS('รวมครุภัณฑ์ 70'!L:L,'รวมครุภัณฑ์ 70'!C:C,"ครุภัณฑ์ยานพาหนะและขนส่ง",'รวมครุภัณฑ์ 70'!H:H,B15) -> 2705900 | M15: =SUMIFS('รวมครุภัณฑ์ 70'!Q:Q,'รวมครุภัณฑ์ 70'!C:C,"ครุภัณฑ์ยานพาหนะและขนส่ง",'รวมครุภัณฑ์ 70'!H:H,B15) -> 2 | N15: =SUMIFS('รวมครุภัณฑ์ 70'!R:R,'รวมครุภัณฑ์ 70'!C:C,"ครุภัณฑ์ยานพาหนะและขนส่ง",'รวมครุภัณฑ์ 70'!H:H,B15) -> 0 | O15: =M15+N15 -> 2 | P15: =L15 -> 2705900
A16: อุตรดิตถ์ | B16: สสว.8 | C16: =SUMIFS('ครุภัณฑ์ 67'!G:G,'ครุภัณฑ์ 67'!C:C,"ยานพาหนะและขนส่ง",'ครุภัณฑ์ 67'!E:E,B16) -> 885900 | D16: =SUMIFS('ครุภัณฑ์ 67'!F:F,'ครุภัณฑ์ 67'!C:C,"ยานพาหนะและขนส่ง",'ครุภัณฑ์ 67'!E:E,B16) -> 1 | E16: =C16:C27 -> 885900 | F16: =SUMIFS('ครุภัณฑ์ 68'!G:G,'ครุภัณฑ์ 68'!C:C,"ยานพาหนะและขนส่ง",'ครุภัณฑ์ 68'!E:E,B16) -> 0 | G16: =SUMIFS('ครุภัณฑ์ 68'!F:F,'ครุภัณฑ์ 68'!C:C,"ยานพาหนะและขนส่ง",'ครุภัณฑ์ 68'!E:E,B16) -> 0 | H16: =F16 -> 0 | I16: =SUMIFS('ครุภัณฑ์ 69'!G:G,'ครุภัณฑ์ 69'!C:C,"ยานพาหนะและขนส่ง",'ครุภัณฑ์ 69'!E:E,B16) -> 1207900 | J16: =SUMIFS('ครุภัณฑ์ 69'!F:F,'ครุภัณฑ์ 69'!C:C,"ยานพาหนะและขนส่ง",'ครุภัณฑ์ 69'!E:E,B16) -> 1 | K16: =I16 -> 1207900 | L16: =SUMIFS('รวมครุภัณฑ์ 70'!L:L,'รวมครุภัณฑ์ 70'!C:C,"ครุภัณฑ์ยานพาหนะและขนส่ง",'รวมครุภัณฑ์ 70'!H:H,B16) -> 0 | M16: =SUMIFS('รวมครุภัณฑ์ 70'!Q:Q,'รวมครุภัณฑ์ 70'!C:C,"ครุภัณฑ์ยานพาหนะและขนส่ง",'รวมครุภัณฑ์ 70'!H:H,B16) -> 0 | N16: =SUMIFS('รวมครุภัณฑ์ 70'!R:R,'รวมครุภัณฑ์ 70'!C:C,"ครุภัณฑ์ยานพาหนะและขนส่ง",'รวมครุภัณฑ์ 70'!H:H,B16) -> 0 | O16: =M16+N16 -> 0 | P16: =L16 -> 0
A17: อุตรดิตถ์ | B17: พมจ.อุตรดิตถ์ | C17: =SUMIFS('ครุภัณฑ์ 67'!G:G,'ครุภัณฑ์ 67'!C:C,"ยานพาหนะและขนส่ง",'ครุภัณฑ์ 67'!E:E,B17) -> 0 | D17: =SUMIFS('ครุภัณฑ์ 67'!F:F,'ครุภัณฑ์ 67'!C:C,"ยานพาหนะและขนส่ง",'ครุภัณฑ์ 67'!E:E,B17) -> 0 | E17: =C17:C28 -> 0 | F17: =SUMIFS('ครุภัณฑ์ 68'!G:G,'ครุภัณฑ์ 68'!C:C,"ยานพาหนะและขนส่ง",'ครุภัณฑ์ 68'!E:E,B17) -> 1090900 | G17: =SUMIFS('ครุภัณฑ์ 68'!F:F,'ครุภัณฑ์ 68'!C:C,"ยานพาหนะและขนส่ง",'ครุภัณฑ์ 68'!E:E,B17) -> 1 | H17: =F17 -> 1090900 | I17: =SUMIFS('ครุภัณฑ์ 69'!G:G,'ครุภัณฑ์ 69'!C:C,"ยานพาหนะและขนส่ง",'ครุภัณฑ์ 69'!E:E,B17) -> 0 | J17: =SUMIFS('ครุภัณฑ์ 69'!F:F,'ครุภัณฑ์ 69'!C:C,"ยานพาหนะและขนส่ง",'ครุภัณฑ์ 69'!E:E,B17) -> 0 | K17: =I17 -> 0 | L17: =SUMIFS('รวมครุภัณฑ์ 70'!L:L,'รวมครุภัณฑ์ 70'!C:C,"ครุภัณฑ์ยานพาหนะและขนส่ง",'รวมครุภัณฑ์ 70'!H:H,B17) -> 2705900 | M17: =SUMIFS('รวมครุภัณฑ์ 70'!Q:Q,'รวมครุภัณฑ์ 70'!C:C,"ครุภัณฑ์ยานพาหนะและขนส่ง",'รวมครุภัณฑ์ 70'!H:H,B17) -> 2 | N17: =SUMIFS('รวมครุภัณฑ์ 70'!R:R,'รวมครุภัณฑ์ 70'!C:C,"ครุภัณฑ์ยานพาหนะและขนส่ง",'รวมครุภัณฑ์ 70'!H:H,B17) -> 0 | O17: =M17+N17 -> 2 | P17: =L17 -> 2705900
A18: ภาคตะวันออกเฉียงเหนือ
A19: กาฬสินธุ์ | B19: พมจ.กาฬสินธุ์ | C19: =SUMIFS('ครุภัณฑ์ 67'!G:G,'ครุภัณฑ์ 67'!C:C,"ยานพาหนะและขนส่ง",'ครุภัณฑ์ 67'!E:E,B19) -> 1976800 | D19: =SUMIFS('ครุภัณฑ์ 67'!F:F,'ครุภัณฑ์ 67'!C:C,"ยานพาหนะและขนส่ง",'ครุภัณฑ์ 67'!E:E,B19) -> 2 | E19: =C19:C30 -> 1976800 | F19: =SUMIFS('ครุภัณฑ์ 68'!G:G,'ครุภัณฑ์ 68'!C:C,"ยานพาหนะและขนส่ง",'ครุภัณฑ์ 68'!E:E,B19) -> 0 | G19: =SUMIFS('ครุภัณฑ์ 68'!F:F,'ครุภัณฑ์ 68'!C:C,"ยานพาหนะและขนส่ง",'ครุภัณฑ์ 68'!E:E,B19) -> 0 | H19: =F19 -> 0 | I19: =SUMIFS('ครุภัณฑ์ 69'!G:G,'ครุภัณฑ์ 69'!C:C,"ยานพาหนะและขนส่ง",'ครุภัณฑ์ 69'!E:E,B19) -> 970900 | J19: =SUMIFS('ครุภัณฑ์ 69'!F:F,'ครุภัณฑ์ 69'!C:C,"ยานพาหนะและขนส่ง",'ครุภัณฑ์ 69'!E:E,B19) -> 1 | K19: =I19 -> 970900 | L19: =SUMIFS('รวมครุภัณฑ์ 70'!L:L,'รวมครุภัณฑ์ 70'!C:C,"ครุภัณฑ์ยานพาหนะและขนส่ง",'รวมครุภัณฑ์ 70'!H:H,B19) -> 1498000 | M19: =SUMIFS('รวมครุภัณฑ์ 70'!Q:Q,'รวมครุภัณฑ์ 70'!C:C,"ครุภัณฑ์ยานพาหนะและขนส่ง",'รวมครุภัณฑ์ 70'!H:H,B19) -> 1 | N19: =SUMIFS('รวมครุภัณฑ์ 70'!R:R,'รวมครุภัณฑ์ 70'!C:C,"ครุภัณฑ์ยานพาหนะและขนส่ง",'รวมครุภัณฑ์ 70'!H:H,B19) -> 0 | O19: =M19+N19 -> 1 | P19: =L19 -> 1498000 | Q19: =SUM(L19:L42) -> 16485500
A20: กาฬสินธุ์ | B20: สสว.6 | C20: =SUMIFS('ครุภัณฑ์ 67'!G:G,'ครุภัณฑ์ 67'!C:C,"ยานพาหนะและขนส่ง",'ครุภัณฑ์ 67'!E:E,B20) -> 0 | D20: =SUMIFS('ครุภัณฑ์ 67'!F:F,'ครุภัณฑ์ 67'!C:C,"ยานพาหนะและขนส่ง",'ครุภัณฑ์ 67'!E:E,B20) -> 0 | E20: =C20:C31 -> 0 | F20: =SUMIFS('ครุภัณฑ์ 68'!G:G,'ครุภัณฑ์ 68'!C:C,"ยานพาหนะและขนส่ง",'ครุภัณฑ์ 68'!E:E,B20) -> 0 | G20: =SUMIFS('ครุภัณฑ์ 68'!F:F,'ครุภัณฑ์ 68'!C:C,"ยานพาหนะและขนส่ง",'ครุภัณฑ์ 68'!E:E,B20) -> 0 | H20: =F20 -> 0 | I20: =SUMIFS('ครุภัณฑ์ 69'!G:G,'ครุภัณฑ์ 69'!C:C,"ยานพาหนะและขนส่ง",'ครุภัณฑ์ 69'!E:E,B20) -> 1369000 | J20: =SUMIFS('ครุภัณฑ์ 69'!F:F,'ครุภัณฑ์ 69'!C:C,"ยานพาหนะและขนส่ง",'ครุภัณฑ์ 69'!E:E,B20) -> 1 | K20: =I20 -> 1369000 | L20: =SUMIFS('รวมครุภัณฑ์ 70'!L:L,'รวมครุภัณฑ์ 70'!C:C,"ครุภัณฑ์ยานพาหนะและขนส่ง",'รวมครุภัณฑ์ 70'!H:H,B20) -> 0 | M20: =SUMIFS('รวมครุภัณฑ์ 70'!Q:Q,'รวมครุภัณฑ์ 70'!C:C,"ครุภัณฑ์ยานพาหนะและขนส่ง",'รวมครุภัณฑ์ 70'!H:H,B20) -> 0 | N20: =SUMIFS('รวมครุภัณฑ์ 70'!R:R,'รวมครุภัณฑ์ 70'!C:C,"ครุภัณฑ์ยานพาหนะและขนส่ง",'รวมครุภัณฑ์ 70'!H:H,B20) -> 0 | O20: =M20+N20 -> 0 | P20: =L20 -> 0 | Q20: =SUM(#REF!) -> #REF!
A21: ขอนแก่น | B21: พมจ.ขอนแก่น | C21: =SUMIFS('ครุภัณฑ์ 67'!G:G,'ครุภัณฑ์ 67'!C:C,"ยานพาหนะและขนส่ง",'ครุภัณฑ์ 67'!E:E,B21) -> 0 | D21: =SUMIFS('ครุภัณฑ์ 67'!F:F,'ครุภัณฑ์ 67'!C:C,"ยานพาหนะและขนส่ง",'ครุภัณฑ์ 67'!E:E,B21) -> 0 | E21: =C21 -> 0 | F21: =SUMIFS('ครุภัณฑ์ 68'!G:G,'ครุภัณฑ์ 68'!C:C,"ยานพาหนะและขนส่ง",'ครุภัณฑ์ 68'!E:E,B21) -> 0 | G21: =SUMIFS('ครุภัณฑ์ 68'!F:F,'ครุภัณฑ์ 68'!C:C,"ยานพาหนะและขนส่ง",'ครุภัณฑ์ 68'!E:E,B21) -> 0 | H21: =F21 -> 0 | I21: =SUMIFS('ครุภัณฑ์ 69'!G:G,'ครุภัณฑ์ 69'!C:C,"ยานพาหนะและขนส่ง",'ครุภัณฑ์ 69'!E:E,B21) -> 0 | J21: =SUMIFS('ครุภัณฑ์ 69'!F:F,'ครุภัณฑ์ 69'!C:C,"ยานพาหนะและขนส่ง",'ครุภัณฑ์ 69'!E:E,B21) -> 0 | K21: =I21 -> 0 | L21: =SUMIFS('รวมครุภัณฑ์ 70'!L:L,'รวมครุภัณฑ์ 70'!C:C,"ครุภัณฑ์ยานพาหนะและขนส่ง",'รวมครุภัณฑ์ 70'!H:H,B21) -> 0 | M21: =SUMIFS('รวมครุภัณฑ์ 70'!Q:Q,'รวมครุภัณฑ์ 70'!C:C,"ครุภัณฑ์ยานพาหนะและขนส่ง",'รวมครุภัณฑ์ 70'!H:H,B21) -> 0 | N21: =SUMIFS('รวมครุภัณฑ์ 70'!R:R,'รวมครุภัณฑ์ 70'!C:C,"ครุภัณฑ์ยานพาหนะและขนส่ง",'รวมครุภัณฑ์ 70'!H:H,B21) -> 0 | O21: =M21+N21 -> 0 | P21: =L21 -> 0 | Q21: =SUM(P19:P42) -> 16485500
A22: ขอนแก่น | B22: สสว.5 | C22: =SUMIFS('ครุภัณฑ์ 67'!G:G,'ครุภัณฑ์ 67'!C:C,"ยานพาหนะและขนส่ง",'ครุภัณฑ์ 67'!E:E,B22) -> 1358000 | D22: =SUMIFS('ครุภัณฑ์ 67'!F:F,'ครุภัณฑ์ 67'!C:C,"ยานพาหนะและขนส่ง",'ครุภัณฑ์ 67'!E:E,B22) -> 1 | E22: =C22 -> 1358000 | F22: =SUMIFS('ครุภัณฑ์ 68'!G:G,'ครุภัณฑ์ 68'!C:C,"ยานพาหนะและขนส่ง",'ครุภัณฑ์ 68'!E:E,B22) -> 0 | G22: =SUMIFS('ครุภัณฑ์ 68'!F:F,'ครุภัณฑ์ 68'!C:C,"ยานพาหนะและขนส่ง",'ครุภัณฑ์ 68'!E:E,B22) -> 0 | H22: =F22 -> 0 | I22: =SUMIFS('ครุภัณฑ์ 69'!G:G,'ครุภัณฑ์ 69'!C:C,"ยานพาหนะและขนส่ง",'ครุภัณฑ์ 69'!E:E,B22) -> 0 | J22: =SUMIFS('ครุภัณฑ์ 69'!F:F,'ครุภัณฑ์ 69'!C:C,"ยานพาหนะและขนส่ง",'ครุภัณฑ์ 69'!E:E,B22) -> 0 | K22: =I22 -> 0 | L22: =SUMIFS('รวมครุภัณฑ์ 70'!L:L,'รวมครุภัณฑ์ 70'!C:C,"ครุภัณฑ์ยานพาหนะและขนส่ง",'รวมครุภัณฑ์ 70'!H:H,B22) -> 0 | M22: =SUMIFS('รวมครุภัณฑ์ 70'!Q:Q,'รวมครุภัณฑ์ 70'!C:C,"ครุภัณฑ์ยานพาหนะและขนส่ง",'รวมครุภัณฑ์ 70'!H:H,B22) -> 0 | N22: =SUMIFS('รวมครุภัณฑ์ 70'!R:R,'รวมครุภัณฑ์ 70'!C:C,"ครุภัณฑ์ยานพาหนะและขนส่ง",'รวมครุภัณฑ์ 70'!H:H,B22) -> 0 | O22: =M22+N22 -> 0 | P22: =L22 -> 0
A23: ชัยภูมิ | B23: พมจ.ชัยภูมิ | C23: =SUMIFS('ครุภัณฑ์ 67'!G:G,'ครุภัณฑ์ 67'!C:C,"ยานพาหนะและขนส่ง",'ครุภัณฑ์ 67'!E:E,B23) -> 1090900 | D23: =SUMIFS('ครุภัณฑ์ 67'!F:F,'ครุภัณฑ์ 67'!C:C,"ยานพาหนะและขนส่ง",'ครุภัณฑ์ 67'!E:E,B23) -> 1 | E23: =C23 -> 1090900 | F23: =SUMIFS('ครุภัณฑ์ 68'!G:G,'ครุภัณฑ์ 68'!C:C,"ยานพาหนะและขนส่ง",'ครุภัณฑ์ 68'!E:E,B23) -> 0 | G23: =SUMIFS('ครุภัณฑ์ 68'!F:F,'ครุภัณฑ์ 68'!C:C,"ยานพาหนะและขนส่ง",'ครุภัณฑ์ 68'!E:E,B23) -> 0 | H23: =F23 -> 0 | I23: =SUMIFS('ครุภัณฑ์ 69'!G:G,'ครุภัณฑ์ 69'!C:C,"ยานพาหนะและขนส่ง",'ครุภัณฑ์ 69'!E:E,B23) -> 0 | J23: =SUMIFS('ครุภัณฑ์ 69'!F:F,'ครุภัณฑ์ 69'!C:C,"ยานพาหนะและขนส่ง",'ครุภัณฑ์ 69'!E:E,B23) -> 0 | K23: =I23 -> 0 | L23: =SUMIFS('รวมครุภัณฑ์ 70'!L:L,'รวมครุภัณฑ์ 70'!C:C,"ครุภัณฑ์ยานพาหนะและขนส่ง",'รวมครุภัณฑ์ 70'!H:H,B23) -> 2415800 | M23: =SUMIFS('รวมครุภัณฑ์ 70'!Q:Q,'รวมครุภัณฑ์ 70'!C:C,"ครุภัณฑ์ยานพาหนะและขนส่ง",'รวมครุภัณฑ์ 70'!H:H,B23) -> 2 | N23: =SUMIFS('รวมครุภัณฑ์ 70'!R:R,'รวมครุภัณฑ์ 70'!C:C,"ครุภัณฑ์ยานพาหนะและขนส่ง",'รวมครุภัณฑ์ 70'!H:H,B23) -> 0 | O23: =M23+N23 -> 2 | P23: =L23 -> 2415800
A24: นครพนม | B24: พมจ.นครพนม | C24: =SUMIFS('ครุภัณฑ์ 67'!G:G,'ครุภัณฑ์ 67'!C:C,"ยานพาหนะและขนส่ง",'ครุภัณฑ์ 67'!E:E,B24) -> 1358000 | D24: =SUMIFS('ครุภัณฑ์ 67'!F:F,'ครุภัณฑ์ 67'!C:C,"ยานพาหนะและขนส่ง",'ครุภัณฑ์ 67'!E:E,B24) -> 1 | E24: =C24 -> 1358000 | F24: =SUMIFS('ครุภัณฑ์ 68'!G:G,'ครุภัณฑ์ 68'!C:C,"ยานพาหนะและขนส่ง",'ครุภัณฑ์ 68'!E:E,B24) -> 0 | G24: =SUMIFS('ครุภัณฑ์ 68'!F:F,'ครุภัณฑ์ 68'!C:C,"ยานพาหนะและขนส่ง",'ครุภัณฑ์ 68'!E:E,B24) -> 0 | H24: =F24 -> 0 | I24: =SUMIFS('ครุภัณฑ์ 69'!G:G,'ครุภัณฑ์ 69'!C:C,"ยานพาหนะและขนส่ง",'ครุภัณฑ์ 69'!E:E,B24) -> 0 | J24: =SUMIFS('ครุภัณฑ์ 69'!F:F,'ครุภัณฑ์ 69'!C:C,"ยานพาหนะและขนส่ง",'ครุภัณฑ์ 69'!E:E,B24) -> 0 | K24: =I24 -> 0 | L24: =SUMIFS('รวมครุภัณฑ์ 70'!L:L,'รวมครุภัณฑ์ 70'!C:C,"ครุภัณฑ์ยานพาหนะและขนส่ง",'รวมครุภัณฑ์ 70'!H:H,B24) -> 0 | M24: =SUMIFS('รวมครุภัณฑ์ 70'!Q:Q,'รวมครุภัณฑ์ 70'!C:C,"ครุภัณฑ์ยานพาหนะและขนส่ง",'รวมครุภัณฑ์ 70'!H:H,B24) -> 0 | N24: =SUMIFS('รวมครุภัณฑ์ 70'!R:R,'รวมครุภัณฑ์ 70'!C:C,"ครุภัณฑ์ยานพาหนะและขนส่ง",'รวมครุภัณฑ์ 70'!H:H,B24) -> 0 | O24: =M24+N24 -> 0 | P24: =L24 -> 0
A25: นครราชสีมา | B25: พมจ.นครราชสีมา | C25: =SUMIFS('ครุภัณฑ์ 67'!G:G,'ครุภัณฑ์ 67'!C:C,"ยานพาหนะและขนส่ง",'ครุภัณฑ์ 67'!E:E,B25) -> 1090900 | D25: =SUMIFS('ครุภัณฑ์ 67'!F:F,'ครุภัณฑ์ 67'!C:C,"ยานพาหนะและขนส่ง",'ครุภัณฑ์ 67'!E:E,B25) -> 1 | E25: =C25 -> 1090900 | F25: =SUMIFS('ครุภัณฑ์ 68'!G:G,'ครุภัณฑ์ 68'!C:C,"ยานพาหนะและขนส่ง",'ครุภัณฑ์ 68'!E:E,B25) -> 0 | G25: =SUMIFS('ครุภัณฑ์ 68'!F:F,'ครุภัณฑ์ 68'!C:C,"ยานพาหนะและขนส่ง",'ครุภัณฑ์ 68'!E:E,B25) -> 0 | H25: =F25 -> 0 | I25: =SUMIFS('ครุภัณฑ์ 69'!G:G,'ครุภัณฑ์ 69'!C:C,"ยานพาหนะและขนส่ง",'ครุภัณฑ์ 69'!E:E,B25) -> 0 | J25: =SUMIFS('ครุภัณฑ์ 69'!F:F,'ครุภัณฑ์ 69'!C:C,"ยานพาหนะและขนส่ง",'ครุภัณฑ์ 69'!E:E,B25) -> 0 | K25: =I25 -> 0 | L25: =SUMIFS('รวมครุภัณฑ์ 70'!L:L,'รวมครุภัณฑ์ 70'!C:C,"ครุภัณฑ์ยานพาหนะและขนส่ง",'รวมครุภัณฑ์ 70'!H:H,B25) -> 2975000 | M25: =SUMIFS('รวมครุภัณฑ์ 70'!Q:Q,'รวมครุภัณฑ์ 70'!C:C,"ครุภัณฑ์ยานพาหนะและขนส่ง",'รวมครุภัณฑ์ 70'!H:H,B25) -> 1 | N25: =SUMIFS('รวมครุภัณฑ์ 70'!R:R,'รวมครุภัณฑ์ 70'!C:C,"ครุภัณฑ์ยานพาหนะและขนส่ง",'รวมครุภัณฑ์ 70'!H:H,B25) -> 1 | O25: =M25+N25 -> 2 | P25: =L25 -> 2975000
A26: นครราชสีมา | B26: สคม.บ้านนารีสวัสดิ์ | C26: =SUMIFS('ครุภัณฑ์ 67'!G:G,'ครุภัณฑ์ 67'!C:C,"ยานพาหนะและขนส่ง",'ครุภัณฑ์ 67'!E:E,B26) -> 0 | D26: =SUMIFS('ครุภัณฑ์ 67'!F:F,'ครุภัณฑ์ 67'!C:C,"ยานพาหนะและขนส่ง",'ครุภัณฑ์ 67'!E:E,B26) -> 0 | E26: =C26 -> 0 | F26: =SUMIFS('ครุภัณฑ์ 68'!G:G,'ครุภัณฑ์ 68'!C:C,"ยานพาหนะและขนส่ง",'ครุภัณฑ์ 68'!E:E,B26) -> 0 | G26: =SUMIFS('ครุภัณฑ์ 68'!F:F,'ครุภัณฑ์ 68'!C:C,"ยานพาหนะและขนส่ง",'ครุภัณฑ์ 68'!E:E,B26) -> 0 | H26: =F26 -> 0 | I26: =SUMIFS('ครุภัณฑ์ 69'!G:G,'ครุภัณฑ์ 69'!C:C,"ยานพาหนะและขนส่ง",'ครุภัณฑ์ 69'!E:E,B26) -> 0 | J26: =SUMIFS('ครุภัณฑ์ 69'!F:F,'ครุภัณฑ์ 69'!C:C,"ยานพาหนะและขนส่ง",'ครุภัณฑ์ 69'!E:E,B26) -> 0 | K26: =I26 -> 0 | L26: =SUMIFS('รวมครุภัณฑ์ 70'!L:L,'รวมครุภัณฑ์ 70'!C:C,"ครุภัณฑ์ยานพาหนะและขนส่ง",'รวมครุภัณฑ์ 70'!H:H,B26) -> 0 | M26: =SUMIFS('รวมครุภัณฑ์ 70'!Q:Q,'รวมครุภัณฑ์ 70'!C:C,"ครุภัณฑ์ยานพาหนะและขนส่ง",'รวมครุภัณฑ์ 70'!H:H,B26) -> 0 | N26: =SUMIFS('รวมครุภัณฑ์ 70'!R:R,'รวมครุภัณฑ์ 70'!C:C,"ครุภัณฑ์ยานพาหนะและขนส่ง",'รวมครุภัณฑ์ 70'!H:H,B26) -> 0 | O26: =M26+N26 -> 0 | P26: =L26 -> 0
A27: นครราชสีมา | B27: สสว.4 | C27: =SUMIFS('ครุภัณฑ์ 67'!G:G,'ครุภัณฑ์ 67'!C:C,"ยานพาหนะและขนส่ง",'ครุภัณฑ์ 67'!E:E,B27) -> 0 | D27: =SUMIFS('ครุภัณฑ์ 67'!F:F,'ครุภัณฑ์ 67'!C:C,"ยานพาหนะและขนส่ง",'ครุภัณฑ์ 67'!E:E,B27) -> 0 | E27: =C27 -> 0 | F27: =SUMIFS('ครุภัณฑ์ 68'!G:G,'ครุภัณฑ์ 68'!C:C,"ยานพาหนะและขนส่ง",'ครุภัณฑ์ 68'!E:E,B27) -> 0 | G27: =SUMIFS('ครุภัณฑ์ 68'!F:F,'ครุภัณฑ์ 68'!C:C,"ยานพาหนะและขนส่ง",'ครุภัณฑ์ 68'!E:E,B27) -> 0 | H27: =F27 -> 0 | I27: =SUMIFS('ครุภัณฑ์ 69'!G:G,'ครุภัณฑ์ 69'!C:C,"ยานพาหนะและขนส่ง",'ครุภัณฑ์ 69'!E:E,B27) -> 1941800 | J27: =SUMIFS('ครุภัณฑ์ 69'!F:F,'ครุภัณฑ์ 69'!C:C,"ยานพาหนะและขนส่ง",'ครุภัณฑ์ 69'!E:E,B27) -> 2 | K27: =I27 -> 1941800 | L27: =SUMIFS('รวมครุภัณฑ์ 70'!L:L,'รวมครุภัณฑ์ 70'!C:C,"ครุภัณฑ์ยานพาหนะและขนส่ง",'รวมครุภัณฑ์ 70'!H:H,B27) -> 0 | M27: =SUMIFS('รวมครุภัณฑ์ 70'!Q:Q,'รวมครุภัณฑ์ 70'!C:C,"ครุภัณฑ์ยานพาหนะและขนส่ง",'รวมครุภัณฑ์ 70'!H:H,B27) -> 0 | N27: =SUMIFS('รวมครุภัณฑ์ 70'!R:R,'รวมครุภัณฑ์ 70'!C:C,"ครุภัณฑ์ยานพาหนะและขนส่ง",'รวมครุภัณฑ์ 70'!H:H,B27) -> 0 | O27: =M27+N27 -> 0 | P27: =L27 -> 0
A28: บึงกาฬ | B28: พมจ.บึงกาฬ | C28: =SUMIFS('ครุภัณฑ์ 67'!G:G,'ครุภัณฑ์ 67'!C:C,"ยานพาหนะและขนส่ง",'ครุภัณฑ์ 67'!E:E,B28) -> 0 | D28: =SUMIFS('ครุภัณฑ์ 67'!F:F,'ครุภัณฑ์ 67'!C:C,"ยานพาหนะและขนส่ง",'ครุภัณฑ์ 67'!E:E,B28) -> 0 | E28: =C28 -> 0 | F28: =SUMIFS('ครุภัณฑ์ 68'!G:G,'ครุภัณฑ์ 68'!C:C,"ยานพาหนะและขนส่ง",'ครุภัณฑ์ 68'!E:E,B28) -> 0 | G28: =SUMIFS('ครุภัณฑ์ 68'!F:F,'ครุภัณฑ์ 68'!C:C,"ยานพาหนะและขนส่ง",'ครุภัณฑ์ 68'!E:E,B28) -> 0 | H28: =F28 -> 0 | I28: =SUMIFS('ครุภัณฑ์ 69'!G:G,'ครุภัณฑ์ 69'!C:C,"ยานพาหนะและขนส่ง",'ครุภัณฑ์ 69'!E:E,B28) -> 0 | J28: =SUMIFS('ครุภัณฑ์ 69'!F:F,'ครุภัณฑ์ 69'!C:C,"ยานพาหนะและขนส่ง",'ครุภัณฑ์ 69'!E:E,B28) -> 0 | K28: =I28 -> 0 | L28: =SUMIFS('รวมครุภัณฑ์ 70'!L:L,'รวมครุภัณฑ์ 70'!C:C,"ครุภัณฑ์ยานพาหนะและขนส่ง",'รวมครุภัณฑ์ 70'!H:H,B28) -> 1207900 | M28: =SUMIFS('รวมครุภัณฑ์ 70'!Q:Q,'รวมครุภัณฑ์ 70'!C:C,"ครุภัณฑ์ยานพาหนะและขนส่ง",'รวมครุภัณฑ์ 70'!H:H,B28) -> 1 | N28: =SUMIFS('รวมครุภัณฑ์ 70'!R:R,'รวมครุภัณฑ์ 70'!C:C,"ครุภัณฑ์ยานพาหนะและขนส่ง",'รวมครุภัณฑ์ 70'!H:H,B28) -> 0 | O28: =M28+N28 -> 1 | P28: =L28 -> 1207900
A29: บุรีรัมย์ | B29: พมจ.บุรีรัมย์ | C29: =SUMIFS('ครุภัณฑ์ 67'!G:G,'ครุภัณฑ์ 67'!C:C,"ยานพาหนะและขนส่ง",'ครุภัณฑ์ 67'!E:E,B29) -> 3539800 | D29: =SUMIFS('ครุภัณฑ์ 67'!F:F,'ครุภัณฑ์ 67'!C:C,"ยานพาหนะและขนส่ง",'ครุภัณฑ์ 67'!E:E,B29) -> 3 | E29: =C29 -> 3539800 | F29: =SUMIFS('ครุภัณฑ์ 68'!G:G,'ครุภัณฑ์ 68'!C:C,"ยานพาหนะและขนส่ง",'ครุภัณฑ์ 68'!E:E,B29) -> 0 | G29: =SUMIFS('ครุภัณฑ์ 68'!F:F,'ครุภัณฑ์ 68'!C:C,"ยานพาหนะและขนส่ง",'ครุภัณฑ์ 68'!E:E,B29) -> 0 | H29: =F29 -> 0 | I29: =SUMIFS('ครุภัณฑ์ 69'!G:G,'ครุภัณฑ์ 69'!C:C,"ยานพาหนะและขนส่ง",'ครุภัณฑ์ 69'!E:E,B29) -> 0 | J29: =SUMIFS('ครุภัณฑ์ 69'!F:F,'ครุภัณฑ์ 69'!C:C,"ยานพาหนะและขนส่ง",'ครุภัณฑ์ 69'!E:E,B29) -> 0 | K29: =I29 -> 0 | L29: =SUMIFS('รวมครุภัณฑ์ 70'!L:L,'รวมครุภัณฑ์ 70'!C:C,"ครุภัณฑ์ยานพาหนะและขนส่ง",'รวมครุภัณฑ์ 70'!H:H,B29) -> 0 | M29: =SUMIFS('รวมครุภัณฑ์ 70'!Q:Q,'รวมครุภัณฑ์ 70'!C:C,"ครุภัณฑ์ยานพาหนะและขนส่ง",'รวมครุภัณฑ์ 70'!H:H,B29) -> 0 | N29: =SUMIFS('รวมครุภัณฑ์ 70'!R:R,'รวมครุภัณฑ์ 70'!C:C,"ครุภัณฑ์ยานพาหนะและขนส่ง",'รวมครุภัณฑ์ 70'!H:H,B29) -> 0 | O29: =M29+N29 -> 0 | P29: =L29 -> 0
A30: มหาสารคาม | B30: พมจ.มหาสารคาม | C30: =SUMIFS('ครุภัณฑ์ 67'!G:G,'ครุภัณฑ์ 67'!C:C,"ยานพาหนะและขนส่ง",'ครุภัณฑ์ 67'!E:E,B30) -> 0 | D30: =SUMIFS('ครุภัณฑ์ 67'!F:F,'ครุภัณฑ์ 67'!C:C,"ยานพาหนะและขนส่ง",'ครุภัณฑ์ 67'!E:E,B30) -> 0 | E30: =C30 -> 0 | F30: =SUMIFS('ครุภัณฑ์ 68'!G:G,'ครุภัณฑ์ 68'!C:C,"ยานพาหนะและขนส่ง",'ครุภัณฑ์ 68'!E:E,B30) -> 0 | G30: =SUMIFS('ครุภัณฑ์ 68'!F:F,'ครุภัณฑ์ 68'!C:C,"ยานพาหนะและขนส่ง",'ครุภัณฑ์ 68'!E:E,B30) -> 0 | H30: =F30 -> 0 | I30: =SUMIFS('ครุภัณฑ์ 69'!G:G,'ครุภัณฑ์ 69'!C:C,"ยานพาหนะและขนส่ง",'ครุภัณฑ์ 69'!E:E,B30) -> 0 | J30: =SUMIFS('ครุภัณฑ์ 69'!F:F,'ครุภัณฑ์ 69'!C:C,"ยานพาหนะและขนส่ง",'ครุภัณฑ์ 69'!E:E,B30) -> 0 | K30: =I30 -> 0 | L30: =SUMIFS('รวมครุภัณฑ์ 70'!L:L,'รวมครุภัณฑ์ 70'!C:C,"ครุภัณฑ์ยานพาหนะและขนส่ง",'รวมครุภัณฑ์ 70'!H:H,B30) -> 0 | M30: =SUMIFS('รวมครุภัณฑ์ 70'!Q:Q,'รวมครุภัณฑ์ 70'!C:C,"ครุภัณฑ์ยานพาหนะและขนส่ง",'รวมครุภัณฑ์ 70'!H:H,B30) -> 0 | N30: =SUMIFS('รวมครุภัณฑ์ 70'!R:R,'รวมครุภัณฑ์ 70'!C:C,"ครุภัณฑ์ยานพาหนะและขนส่ง",'รวมครุภัณฑ์ 70'!H:H,B30) -> 0 | O30: =M30+N30 -> 0 | P30: =L30 -> 0
A31: มุกดาหาร | B31: พมจ.มุกดาหาร | C31: =SUMIFS('ครุภัณฑ์ 67'!G:G,'ครุภัณฑ์ 67'!C:C,"ยานพาหนะและขนส่ง",'ครุภัณฑ์ 67'!E:E,B31) -> 0 | D31: =SUMIFS('ครุภัณฑ์ 67'!F:F,'ครุภัณฑ์ 67'!C:C,"ยานพาหนะและขนส่ง",'ครุภัณฑ์ 67'!E:E,B31) -> 0 | E31: =C31 -> 0 | F31: =SUMIFS('ครุภัณฑ์ 68'!G:G,'ครุภัณฑ์ 68'!C:C,"ยานพาหนะและขนส่ง",'ครุภัณฑ์ 68'!E:E,B31) -> 0 | G31: =SUMIFS('ครุภัณฑ์ 68'!F:F,'ครุภัณฑ์ 68'!C:C,"ยานพาหนะและขนส่ง",'ครุภัณฑ์ 68'!E:E,B31) -> 0 | H31: =F31 -> 0 | I31: =SUMIFS('ครุภัณฑ์ 69'!G:G,'ครุภัณฑ์ 69'!C:C,"ยานพาหนะและขนส่ง",'ครุภัณฑ์ 69'!E:E,B31) -> 0 | J31: =SUMIFS('ครุภัณฑ์ 69'!F:F,'ครุภัณฑ์ 69'!C:C,"ยานพาหนะและขนส่ง",'ครุภัณฑ์ 69'!E:E,B31) -> 0 | K31: =I31 -> 0 | L31: =SUMIFS('รวมครุภัณฑ์ 70'!L:L,'รวมครุภัณฑ์ 70'!C:C,"ครุภัณฑ์ยานพาหนะและขนส่ง",'รวมครุภัณฑ์ 70'!H:H,B31) -> 0 | M31: =SUMIFS('รวมครุภัณฑ์ 70'!Q:Q,'รวมครุภัณฑ์ 70'!C:C,"ครุภัณฑ์ยานพาหนะและขนส่ง",'รวมครุภัณฑ์ 70'!H:H,B31) -> 0 | N31: =SUMIFS('รวมครุภัณฑ์ 70'!R:R,'รวมครุภัณฑ์ 70'!C:C,"ครุภัณฑ์ยานพาหนะและขนส่ง",'รวมครุภัณฑ์ 70'!H:H,B31) -> 0 | O31: =M31+N31 -> 0 | P31: =L31 -> 0
A32: ยโสธร | B32: พมจ.ยโสธร | C32: =SUMIFS('ครุภัณฑ์ 67'!G:G,'ครุภัณฑ์ 67'!C:C,"ยานพาหนะและขนส่ง",'ครุภัณฑ์ 67'!E:E,B32) -> 0 | D32: =SUMIFS('ครุภัณฑ์ 67'!F:F,'ครุภัณฑ์ 67'!C:C,"ยานพาหนะและขนส่ง",'ครุภัณฑ์ 67'!E:E,B32) -> 0 | E32: =C32 -> 0 | F32: =SUMIFS('ครุภัณฑ์ 68'!G:G,'ครุภัณฑ์ 68'!C:C,"ยานพาหนะและขนส่ง",'ครุภัณฑ์ 68'!E:E,B32) -> 0 | G32: =SUMIFS('ครุภัณฑ์ 68'!F:F,'ครุภัณฑ์ 68'!C:C,"ยานพาหนะและขนส่ง",'ครุภัณฑ์ 68'!E:E,B32) -> 0 | H32: =F32 -> 0 | I32: =SUMIFS('ครุภัณฑ์ 69'!G:G,'ครุภัณฑ์ 69'!C:C,"ยานพาหนะและขนส่ง",'ครุภัณฑ์ 69'!E:E,B32) -> 970900 | J32: =SUMIFS('ครุภัณฑ์ 69'!F:F,'ครุภัณฑ์ 69'!C:C,"ยานพาหนะและขนส่ง",'ครุภัณฑ์ 69'!E:E,B32) -> 1 | K32: =I32 -> 970900 | L32: =SUMIFS('รวมครุภัณฑ์ 70'!L:L,'รวมครุภัณฑ์ 70'!C:C,"ครุภัณฑ์ยานพาหนะและขนส่ง",'รวมครุภัณฑ์ 70'!H:H,B32) -> 52000 | M32: =SUMIFS('รวมครุภัณฑ์ 70'!Q:Q,'รวมครุภัณฑ์ 70'!C:C,"ครุภัณฑ์ยานพาหนะและขนส่ง",'รวมครุภัณฑ์ 70'!H:H,B32) -> 1 | N32: =SUMIFS('รวมครุภัณฑ์ 70'!R:R,'รวมครุภัณฑ์ 70'!C:C,"ครุภัณฑ์ยานพาหนะและขนส่ง",'รวมครุภัณฑ์ 70'!H:H,B32) -> 0 | O32: =M32+N32 -> 1 | P32: =L32 -> 52000
A33: ร้อยเอ็ด | B33: พมจ.ร้อยเอ็ด | C33: =SUMIFS('ครุภัณฑ์ 67'!G:G,'ครุภัณฑ์ 67'!C:C,"ยานพาหนะและขนส่ง",'ครุภัณฑ์ 67'!E:E,B33) -> 1090900 | D33: =SUMIFS('ครุภัณฑ์ 67'!F:F,'ครุภัณฑ์ 67'!C:C,"ยานพาหนะและขนส่ง",'ครุภัณฑ์ 67'!E:E,B33) -> 1 | E33: =C33 -> 1090900 | F33: =SUMIFS('ครุภัณฑ์ 68'!G:G,'ครุภัณฑ์ 68'!C:C,"ยานพาหนะและขนส่ง",'ครุภัณฑ์ 68'!E:E,B33) -> 1358000 | G33: =SUMIFS('ครุภัณฑ์ 68'!F:F,'ครุภัณฑ์ 68'!C:C,"ยานพาหนะและขนส่ง",'ครุภัณฑ์ 68'!E:E,B33) -> 1 | H33: =F33 -> 1358000 | I33: =SUMIFS('ครุภัณฑ์ 69'!G:G,'ครุภัณฑ์ 69'!C:C,"ยานพาหนะและขนส่ง",'ครุภัณฑ์ 69'!E:E,B33) -> 0 | J33: =SUMIFS('ครุภัณฑ์ 69'!F:F,'ครุภัณฑ์ 69'!C:C,"ยานพาหนะและขนส่ง",'ครุภัณฑ์ 69'!E:E,B33) -> 0 | K33: =I33 -> 0 | L33: =SUMIFS('รวมครุภัณฑ์ 70'!L:L,'รวมครุภัณฑ์ 70'!C:C,"ครุภัณฑ์ยานพาหนะและขนส่ง",'รวมครุภัณฑ์ 70'!H:H,B33) -> 0 | M33: =SUMIFS('รวมครุภัณฑ์ 70'!Q:Q,'รวมครุภัณฑ์ 70'!C:C,"ครุภัณฑ์ยานพาหนะและขนส่ง",'รวมครุภัณฑ์ 70'!H:H,B33) -> 0 | N33: =SUMIFS('รวมครุภัณฑ์ 70'!R:R,'รวมครุภัณฑ์ 70'!C:C,"ครุภัณฑ์ยานพาหนะและขนส่ง",'รวมครุภัณฑ์ 70'!H:H,B33) -> 0 | O33: =M33+N33 -> 0 | P33: =L33 -> 0
... A42: อุบลราชธานี | B42: พมจ.อุบลราชธานี | C42: =SUMIFS('ครุภัณฑ์ 67'!G:G,'ครุภัณฑ์ 67'!C:C,"ยานพาหนะและขนส่ง",'ครุภัณฑ์ 67'!E:E,B42) -> 0 | D42: =SUMIFS('ครุภัณฑ์ 67'!F:F,'ครุภัณฑ์ 67'!C:C,"ยานพาหนะและขนส่ง",'ครุภัณฑ์ 67'!E:E,B42) -> 0 | E42: =C42 -> 0 | F42: =SUMIFS('ครุภัณฑ์ 68'!G:G,'ครุภัณฑ์ 68'!C:C,"ยานพาหนะและขนส่ง",'ครุภัณฑ์ 68'!E:E,B42) -> 0 | G42: =SUMIFS('ครุภัณฑ์ 68'!F:F,'ครุภัณฑ์ 68'!C:C,"ยานพาหนะและขนส่ง",'ครุภัณฑ์ 68'!E:E,B42) -> 0 | H42: =F42 -> 0 | I42: =SUMIFS('ครุภัณฑ์ 69'!G:G,'ครุภัณฑ์ 69'!C:C,"ยานพาหนะและขนส่ง",'ครุภัณฑ์ 69'!E:E,B42) -> 0 | J42: =SUMIFS('ครุภัณฑ์ 69'!F:F,'ครุภัณฑ์ 69'!C:C,"ยานพาหนะและขนส่ง",'ครุภัณฑ์ 69'!E:E,B42) -> 0 | K42: =I42 -> 0 | L42: =SUMIFS('รวมครุภัณฑ์ 70'!L:L,'รวมครุภัณฑ์ 70'!C:C,"ครุภัณฑ์ยานพาหนะและขนส่ง",'รวมครุภัณฑ์ 70'!H:H,B42) -> 1498000 | M42: =SUMIFS('รวมครุภัณฑ์ 70'!Q:Q,'รวมครุภัณฑ์ 70'!C:C,"ครุภัณฑ์ยานพาหนะและขนส่ง",'รวมครุภัณฑ์ 70'!H:H,B42) -> 1 | N42: =SUMIFS('รวมครุภัณฑ์ 70'!R:R,'รวมครุภัณฑ์ 70'!C:C,"ครุภัณฑ์ยานพาหนะและขนส่ง",'รวมครุภัณฑ์ 70'!H:H,B42) -> 0 | O42: =M42+N42 -> 1 | P42: =L42 -> 1498000
A43: ภาคกลาง (รวมภาคตะวันออกและตะวันตก)
A44: กรุงเทพมหานคร | B44: กก. | C44: =SUMIFS('ครุภัณฑ์ 67'!G:G,'ครุภัณฑ์ 67'!C:C,"ยานพาหนะและขนส่ง",'ครุภัณฑ์ 67'!E:E,B44) -> 2749000 | D44: =SUMIFS('ครุภัณฑ์ 67'!F:F,'ครุภัณฑ์ 67'!C:C,"ยานพาหนะและขนส่ง",'ครุภัณฑ์ 67'!E:E,B44) -> 1 | E44: =C44 -> 2749000 | F44: =SUMIFS('ครุภัณฑ์ 68'!G:G,'ครุภัณฑ์ 68'!C:C,"ยานพาหนะและขนส่ง",'ครุภัณฑ์ 68'!E:E,B44) -> 0 | G44: =SUMIFS('ครุภัณฑ์ 68'!F:F,'ครุภัณฑ์ 68'!C:C,"ยานพาหนะและขนส่ง",'ครุภัณฑ์ 68'!E:E,B44) -> 0 | H44: =F44 -> 0 | I44: =SUMIFS('ครุภัณฑ์ 69'!G:G,'ครุภัณฑ์ 69'!C:C,"ยานพาหนะและขนส่ง",'ครุภัณฑ์ 69'!E:E,B44) -> 1836000 | J44: =SUMIFS('ครุภัณฑ์ 69'!F:F,'ครุภัณฑ์ 69'!C:C,"ยานพาหนะและขนส่ง",'ครุภัณฑ์ 69'!E:E,B44) -> 2 | K44: =I44 -> 1836000 | L44: =SUMIFS('รวมครุภัณฑ์ 70'!L:L,'รวมครุภัณฑ์ 70'!C:C,"ครุภัณฑ์ยานพาหนะและขนส่ง",'รวมครุภัณฑ์ 70'!H:H,B44) -> 9522000 | M44: =SUMIFS('รวมครุภัณฑ์ 70'!Q:Q,'รวมครุภัณฑ์ 70'!C:C,"ครุภัณฑ์ยานพาหนะและขนส่ง",'รวมครุภัณฑ์ 70'!H:H,B44) -> 6 | N44: =SUMIFS('รวมครุภัณฑ์ 70'!R:R,'รวมครุภัณฑ์ 70'!C:C,"ครุภัณฑ์ยานพาหนะและขนส่ง",'รวมครุภัณฑ์ 70'!H:H,B44) -> 0 | O44: =M44+N44 -> 6 | P44: =L44 -> 9522000 | Q44: =SUM(L44:L95) -> 54641100
A45: กรุงเทพมหานคร | B45: กคม. | C45: =SUMIFS('ครุภัณฑ์ 67'!G:G,'ครุภัณฑ์ 67'!C:C,"ยานพาหนะและขนส่ง",'ครุภัณฑ์ 67'!E:E,B45) -> 0 | D45: =SUMIFS('ครุภัณฑ์ 67'!F:F,'ครุภัณฑ์ 67'!C:C,"ยานพาหนะและขนส่ง",'ครุภัณฑ์ 67'!E:E,B45) -> 0 | E45: =C45 -> 0 | F45: =SUMIFS('ครุภัณฑ์ 68'!G:G,'ครุภัณฑ์ 68'!C:C,"ยานพาหนะและขนส่ง",'ครุภัณฑ์ 68'!E:E,B45) -> 0 | G45: =SUMIFS('ครุภัณฑ์ 68'!F:F,'ครุภัณฑ์ 68'!C:C,"ยานพาหนะและขนส่ง",'ครุภัณฑ์ 68'!E:E,B45) -> 0 | H45: =F45 -> 0 | I45: =SUMIFS('ครุภัณฑ์ 69'!G:G,'ครุภัณฑ์ 69'!C:C,"ยานพาหนะและขนส่ง",'ครุภัณฑ์ 69'!E:E,B45) -> 918000 | J45: =SUMIFS('ครุภัณฑ์ 69'!F:F,'ครุภัณฑ์ 69'!C:C,"ยานพาหนะและขนส่ง",'ครุภัณฑ์ 69'!E:E,B45) -> 1 | K45: =I45 -> 918000 | L45: =SUMIFS('รวมครุภัณฑ์ 70'!L:L,'รวมครุภัณฑ์ 70'!C:C,"ครุภัณฑ์ยานพาหนะและขนส่ง",'รวมครุภัณฑ์ 70'!H:H,B45) -> 5701900 | M45: =SUMIFS('รวมครุภัณฑ์ 70'!Q:Q,'รวมครุภัณฑ์ 70'!C:C,"ครุภัณฑ์ยานพาหนะและขนส่ง",'รวมครุภัณฑ์ 70'!H:H,B45) -> 5 | N45: =SUMIFS('รวมครุภัณฑ์ 70'!R:R,'รวมครุภัณฑ์ 70'!C:C,"ครุภัณฑ์ยานพาหนะและขนส่ง",'รวมครุภัณฑ์ 70'!H:H,B45) -> 0 | O45: =M45+N45 -> 5 | P45: =L45 -> 5701900 | Q45: =SUM(#REF!) -> #REF!
A46: กรุงเทพมหานคร | B46: กตร. | C46: =SUMIFS('ครุภัณฑ์ 67'!G:G,'ครุภัณฑ์ 67'!C:C,"ยานพาหนะและขนส่ง",'ครุภัณฑ์ 67'!E:E,B46) -> 21326000 | D46: =SUMIFS('ครุภัณฑ์ 67'!F:F,'ครุภัณฑ์ 67'!C:C,"ยานพาหนะและขนส่ง",'ครุภัณฑ์ 67'!E:E,B46) -> 13 | E46: =C46 -> 21326000 | F46: =SUMIFS('ครุภัณฑ์ 68'!G:G,'ครุภัณฑ์ 68'!C:C,"ยานพาหนะและขนส่ง",'ครุภัณฑ์ 68'!E:E,B46) -> 0 | G46: =SUMIFS('ครุภัณฑ์ 68'!F:F,'ครุภัณฑ์ 68'!C:C,"ยานพาหนะและขนส่ง",'ครุภัณฑ์ 68'!E:E,B46) -> 0 | H46: =F46 -> 0 | I46: =SUMIFS('ครุภัณฑ์ 69'!G:G,'ครุภัณฑ์ 69'!C:C,"ยานพาหนะและขนส่ง",'ครุภัณฑ์ 69'!E:E,B46) -> 0 | J46: =SUMIFS('ครุภัณฑ์ 69'!F:F,'ครุภัณฑ์ 69'!C:C,"ยานพาหนะและขนส่ง",'ครุภัณฑ์ 69'!E:E,B46) -> 0 | K46: =I46 -> 0 | L46: =SUMIFS('รวมครุภัณฑ์ 70'!L:L,'รวมครุภัณฑ์ 70'!C:C,"ครุภัณฑ์ยานพาหนะและขนส่ง",'รวมครุภัณฑ์ 70'!H:H,B46) -> 10913900 | M46: =SUMIFS('รวมครุภัณฑ์ 70'!Q:Q,'รวมครุภัณฑ์ 70'!C:C,"ครุภัณฑ์ยานพาหนะและขนส่ง",'รวมครุภัณฑ์ 70'!H:H,B46) -> 3 | N46: =SUMIFS('รวมครุภัณฑ์ 70'!R:R,'รวมครุภัณฑ์ 70'!C:C,"ครุภัณฑ์ยานพาหนะและขนส่ง",'รวมครุภัณฑ์ 70'!H:H,B46) -> 3 | O46: =M46+N46 -> 6 | P46: =L46 -> 10913900 | Q46: =Q44+Q45 -> #REF!
A47: กรุงเทพมหานคร | B47: กมพ. | C47: =SUMIFS('ครุภัณฑ์ 67'!G:G,'ครุภัณฑ์ 67'!C:C,"ยานพาหนะและขนส่ง",'ครุภัณฑ์ 67'!E:E,B47) -> 0 | D47: =SUMIFS('ครุภัณฑ์ 67'!F:F,'ครุภัณฑ์ 67'!C:C,"ยานพาหนะและขนส่ง",'ครุภัณฑ์ 67'!E:E,B47) -> 0 | E47: =C47 -> 0 | F47: =SUMIFS('ครุภัณฑ์ 68'!G:G,'ครุภัณฑ์ 68'!C:C,"ยานพาหนะและขนส่ง",'ครุภัณฑ์ 68'!E:E,B47) -> 1358000 | G47: =SUMIFS('ครุภัณฑ์ 68'!F:F,'ครุภัณฑ์ 68'!C:C,"ยานพาหนะและขนส่ง",'ครุภัณฑ์ 68'!E:E,B47) -> 1 | H47: =F47 -> 1358000 | I47: =SUMIFS('ครุภัณฑ์ 69'!G:G,'ครุภัณฑ์ 69'!C:C,"ยานพาหนะและขนส่ง",'ครุภัณฑ์ 69'!E:E,B47) -> 0 | J47: =SUMIFS('ครุภัณฑ์ 69'!F:F,'ครุภัณฑ์ 69'!C:C,"ยานพาหนะและขนส่ง",'ครุภัณฑ์ 69'!E:E,B47) -> 0 | K47: =I47 -> 0 | L47: =SUMIFS('รวมครุภัณฑ์ 70'!L:L,'รวมครุภัณฑ์ 70'!C:C,"ครุภัณฑ์ยานพาหนะและขนส่ง",'รวมครุภัณฑ์ 70'!H:H,B47) -> 0 | M47: =SUMIFS('รวมครุภัณฑ์ 70'!Q:Q,'รวมครุภัณฑ์ 70'!C:C,"ครุภัณฑ์ยานพาหนะและขนส่ง",'รวมครุภัณฑ์ 70'!H:H,B47) -> 0 | N47: =SUMIFS('รวมครุภัณฑ์ 70'!R:R,'รวมครุภัณฑ์ 70'!C:C,"ครุภัณฑ์ยานพาหนะและขนส่ง",'รวมครุภัณฑ์ 70'!H:H,B47) -> 0 | O47: =M47+N47 -> 0 | P47: =L47 -> 0
A48: กรุงเทพมหานคร | B48: กยผ. | C48: =SUMIFS('ครุภัณฑ์ 67'!G:G,'ครุภัณฑ์ 67'!C:C,"ยานพาหนะและขนส่ง",'ครุภัณฑ์ 67'!E:E,B48) -> 0 | D48: =SUMIFS('ครุภัณฑ์ 67'!F:F,'ครุภัณฑ์ 67'!C:C,"ยานพาหนะและขนส่ง",'ครุภัณฑ์ 67'!E:E,B48) -> 0 | E48: =C48 -> 0 | F48: =SUMIFS('ครุภัณฑ์ 68'!G:G,'ครุภัณฑ์ 68'!C:C,"ยานพาหนะและขนส่ง",'ครุภัณฑ์ 68'!E:E,B48) -> 0 | G48: =SUMIFS('ครุภัณฑ์ 68'!F:F,'ครุภัณฑ์ 68'!C:C,"ยานพาหนะและขนส่ง",'ครุภัณฑ์ 68'!E:E,B48) -> 0 | H48: =F48 -> 0 | I48: =SUMIFS('ครุภัณฑ์ 69'!G:G,'ครุภัณฑ์ 69'!C:C,"ยานพาหนะและขนส่ง",'ครุภัณฑ์ 69'!E:E,B48) -> 918000 | J48: =SUMIFS('ครุภัณฑ์ 69'!F:F,'ครุภัณฑ์ 69'!C:C,"ยานพาหนะและขนส่ง",'ครุภัณฑ์ 69'!E:E,B48) -> 1 | K48: =I48 -> 918000 | L48: =SUMIFS('รวมครุภัณฑ์ 70'!L:L,'รวมครุภัณฑ์ 70'!C:C,"ครุภัณฑ์ยานพาหนะและขนส่ง",'รวมครุภัณฑ์ 70'!H:H,B48) -> 0 | M48: =SUMIFS('รวมครุภัณฑ์ 70'!Q:Q,'รวมครุภัณฑ์ 70'!C:C,"ครุภัณฑ์ยานพาหนะและขนส่ง",'รวมครุภัณฑ์ 70'!H:H,B48) -> 0 | N48: =SUMIFS('รวมครุภัณฑ์ 70'!R:R,'รวมครุภัณฑ์ 70'!C:C,"ครุภัณฑ์ยานพาหนะและขนส่ง",'รวมครุภัณฑ์ 70'!H:H,B48) -> 0 | O48: =M48+N48 -> 0 | P48: =L48 -> 0
A49: กรุงเทพมหานคร | B49: กตภ. | C49: =SUMIFS('ครุภัณฑ์ 67'!G:G,'ครุภัณฑ์ 67'!C:C,"ยานพาหนะและขนส่ง",'ครุภัณฑ์ 67'!E:E,B49) -> 0 | D49: =SUMIFS('ครุภัณฑ์ 67'!F:F,'ครุภัณฑ์ 67'!C:C,"ยานพาหนะและขนส่ง",'ครุภัณฑ์ 67'!E:E,B49) -> 0 | E49: =C49 -> 0 | F49: =SUMIFS('ครุภัณฑ์ 68'!G:G,'ครุภัณฑ์ 68'!C:C,"ยานพาหนะและขนส่ง",'ครุภัณฑ์ 68'!E:E,B49) -> 0 | G49: =SUMIFS('ครุภัณฑ์ 68'!F:F,'ครุภัณฑ์ 68'!C:C,"ยานพาหนะและขนส่ง",'ครุภัณฑ์ 68'!E:E,B49) -> 0 | H49: =F49 -> 0 | I49: =SUMIFS('ครุภัณฑ์ 69'!G:G,'ครุภัณฑ์ 69'!C:C,"ยานพาหนะและขนส่ง",'ครุภัณฑ์ 69'!E:E,B49) -> 0 | J49: =SUMIFS('ครุภัณฑ์ 69'!F:F,'ครุภัณฑ์ 69'!C:C,"ยานพาหนะและขนส่ง",'ครุภัณฑ์ 69'!E:E,B49) -> 0 | K49: =I49 -> 0 | L49: =SUMIFS('รวมครุภัณฑ์ 70'!L:L,'รวมครุภัณฑ์ 70'!C:C,"ครุภัณฑ์ยานพาหนะและขนส่ง",'รวมครุภัณฑ์ 70'!H:H,B49) -> 1498000 | M49: =SUMIFS('รวมครุภัณฑ์ 70'!Q:Q,'รวมครุภัณฑ์ 70'!C:C,"ครุภัณฑ์ยานพาหนะและขนส่ง",'รวมครุภัณฑ์ 70'!H:H,B49) -> 1 | N49: =SUMIFS('รวมครุภัณฑ์ 70'!R:R,'รวมครุภัณฑ์ 70'!C:C,"ครุภัณฑ์ยานพาหนะและขนส่ง",'รวมครุภัณฑ์ 70'!H:H,B49) -> 0 | O49: =M49+N49 -> 1 | P49: =L49 -> 1498000
A50: กรุงเทพมหานคร | B50: กปส. | C50: =SUMIFS('ครุภัณฑ์ 67'!G:G,'ครุภัณฑ์ 67'!C:C,"ยานพาหนะและขนส่ง",'ครุภัณฑ์ 67'!E:E,B50) -> 0 | D50: =SUMIFS('ครุภัณฑ์ 67'!F:F,'ครุภัณฑ์ 67'!C:C,"ยานพาหนะและขนส่ง",'ครุภัณฑ์ 67'!E:E,B50) -> 0 | E50: =C50 -> 0 | F50: =SUMIFS('ครุภัณฑ์ 68'!G:G,'ครุภัณฑ์ 68'!C:C,"ยานพาหนะและขนส่ง",'ครุภัณฑ์ 68'!E:E,B50) -> 0 | G50: =SUMIFS('ครุภัณฑ์ 68'!F:F,'ครุภัณฑ์ 68'!C:C,"ยานพาหนะและขนส่ง",'ครุภัณฑ์ 68'!E:E,B50) -> 0 | H50: =F50 -> 0 | I50: =SUMIFS('ครุภัณฑ์ 69'!G:G,'ครุภัณฑ์ 69'!C:C,"ยานพาหนะและขนส่ง",'ครุภัณฑ์ 69'!E:E,B50) -> 0 | J50: =SUMIFS('ครุภัณฑ์ 69'!F:F,'ครุภัณฑ์ 69'!C:C,"ยานพาหนะและขนส่ง",'ครุภัณฑ์ 69'!E:E,B50) -> 0 | K50: =I50 -> 0 | L50: =SUMIFS('รวมครุภัณฑ์ 70'!L:L,'รวมครุภัณฑ์ 70'!C:C,"ครุภัณฑ์ยานพาหนะและขนส่ง",'รวมครุภัณฑ์ 70'!H:H,B50) -> 849500 | M50: =SUMIFS('รวมครุภัณฑ์ 70'!Q:Q,'รวมครุภัณฑ์ 70'!C:C,"ครุภัณฑ์ยานพาหนะและขนส่ง",'รวมครุภัณฑ์ 70'!H:H,B50) -> 1 | N50: =SUMIFS('รวมครุภัณฑ์ 70'!R:R,'รวมครุภัณฑ์ 70'!C:C,"ครุภัณฑ์ยานพาหนะและขนส่ง",'รวมครุภัณฑ์ 70'!H:H,B50) -> 0 | O50: =M50+N50 -> 1 | P50: =L50 -> 849500
A51: กรุงเทพมหานคร | B51: ศชส. | C51: =SUMIFS('ครุภัณฑ์ 67'!G:G,'ครุภัณฑ์ 67'!C:C,"ยานพาหนะและขนส่ง",'ครุภัณฑ์ 67'!E:E,B51) -> 1090900 | D51: =SUMIFS('ครุภัณฑ์ 67'!F:F,'ครุภัณฑ์ 67'!C:C,"ยานพาหนะและขนส่ง",'ครุภัณฑ์ 67'!E:E,B51) -> 1 | E51: =C51 -> 1090900 | F51: =SUMIFS('ครุภัณฑ์ 68'!G:G,'ครุภัณฑ์ 68'!C:C,"ยานพาหนะและขนส่ง",'ครุภัณฑ์ 68'!E:E,B51) -> 0 | G51: =SUMIFS('ครุภัณฑ์ 68'!F:F,'ครุภัณฑ์ 68'!C:C,"ยานพาหนะและขนส่ง",'ครุภัณฑ์ 68'!E:E,B51) -> 0 | H51: =F51 -> 0 | I51: =SUMIFS('ครุภัณฑ์ 69'!G:G,'ครุภัณฑ์ 69'!C:C,"ยานพาหนะและขนส่ง",'ครุภัณฑ์ 69'!E:E,B51) -> 0 | J51: =SUMIFS('ครุภัณฑ์ 69'!F:F,'ครุภัณฑ์ 69'!C:C,"ยานพาหนะและขนส่ง",'ครุภัณฑ์ 69'!E:E,B51) -> 0 | K51: =I51 -> 0 | L51: =SUMIFS('รวมครุภัณฑ์ 70'!L:L,'รวมครุภัณฑ์ 70'!C:C,"ครุภัณฑ์ยานพาหนะและขนส่ง",'รวมครุภัณฑ์ 70'!H:H,B51) -> 0 | M51: =SUMIFS('รวมครุภัณฑ์ 70'!Q:Q,'รวมครุภัณฑ์ 70'!C:C,"ครุภัณฑ์ยานพาหนะและขนส่ง",'รวมครุภัณฑ์ 70'!H:H,B51) -> 0 | N51: =SUMIFS('รวมครุภัณฑ์ 70'!R:R,'รวมครุภัณฑ์ 70'!C:C,"ครุภัณฑ์ยานพาหนะและขนส่ง",'รวมครุภัณฑ์ 70'!H:H,B51) -> 0 | O51: =M51+N51 -> 0 | P51: =L51 -> 0
A52: กรุงเทพมหานคร | B52: ศรส. | C52: =SUMIFS('ครุภัณฑ์ 67'!G:G,'ครุภัณฑ์ 67'!C:C,"ยานพาหนะและขนส่ง",'ครุภัณฑ์ 67'!E:E,B52) -> 0 | D52: =SUMIFS('ครุภัณฑ์ 67'!F:F,'ครุภัณฑ์ 67'!C:C,"ยานพาหนะและขนส่ง",'ครุภัณฑ์ 67'!E:E,B52) -> 0 | E52: =C52 -> 0 | F52: =SUMIFS('ครุภัณฑ์ 68'!G:G,'ครุภัณฑ์ 68'!C:C,"ยานพาหนะและขนส่ง",'ครุภัณฑ์ 68'!E:E,B52) -> 13312000 | G52: =SUMIFS('ครุภัณฑ์ 68'!F:F,'ครุภัณฑ์ 68'!C:C,"ยานพาหนะและขนส่ง",'ครุภัณฑ์ 68'!E:E,B52) -> 8 | H52: =F52 -> 13312000 | I52: =SUMIFS('ครุภัณฑ์ 69'!G:G,'ครุภัณฑ์ 69'!C:C,"ยานพาหนะและขนส่ง",'ครุภัณฑ์ 69'!E:E,B52) -> 0 | J52: =SUMIFS('ครุภัณฑ์ 69'!F:F,'ครุภัณฑ์ 69'!C:C,"ยานพาหนะและขนส่ง",'ครุภัณฑ์ 69'!E:E,B52) -> 0 | K52: =I52 -> 0 | L52: =SUMIFS('รวมครุภัณฑ์ 70'!L:L,'รวมครุภัณฑ์ 70'!C:C,"ครุภัณฑ์ยานพาหนะและขนส่ง",'รวมครุภัณฑ์ 70'!H:H,B52) -> 0 | M52: =SUMIFS('รวมครุภัณฑ์ 70'!Q:Q,'รวมครุภัณฑ์ 70'!C:C,"ครุภัณฑ์ยานพาหนะและขนส่ง",'รวมครุภัณฑ์ 70'!H:H,B52) -> 0 | N52: =SUMIFS('รวมครุภัณฑ์ 70'!R:R,'รวมครุภัณฑ์ 70'!C:C,"ครุภัณฑ์ยานพาหนะและขนส่ง",'รวมครุภัณฑ์ 70'!H:H,B52) -> 0 | O52: =M52+N52 -> 0 | P52: =L52 -> 0
A53: กรุงเทพมหานคร | B53: สร. | C53: =SUMIFS('ครุภัณฑ์ 67'!G:G,'ครุภัณฑ์ 67'!C:C,"ยานพาหนะและขนส่ง",'ครุภัณฑ์ 67'!E:E,B53) -> 0 | D53: =SUMIFS('ครุภัณฑ์ 67'!F:F,'ครุภัณฑ์ 67'!C:C,"ยานพาหนะและขนส่ง",'ครุภัณฑ์ 67'!E:E,B53) -> 0 | E53: =C53 -> 0 | F53: =SUMIFS('ครุภัณฑ์ 68'!G:G,'ครุภัณฑ์ 68'!C:C,"ยานพาหนะและขนส่ง",'ครุภัณฑ์ 68'!E:E,B53) -> 1664000 | G53: =SUMIFS('ครุภัณฑ์ 68'!F:F,'ครุภัณฑ์ 68'!C:C,"ยานพาหนะและขนส่ง",'ครุภัณฑ์ 68'!E:E,B53) -> 1 | H53: =F53 -> 1664000 | I53: =SUMIFS('ครุภัณฑ์ 69'!G:G,'ครุภัณฑ์ 69'!C:C,"ยานพาหนะและขนส่ง",'ครุภัณฑ์ 69'!E:E,B53) -> 825000 | J53: =SUMIFS('ครุภัณฑ์ 69'!F:F,'ครุภัณฑ์ 69'!C:C,"ยานพาหนะและขนส่ง",'ครุภัณฑ์ 69'!E:E,B53) -> 1 | K53: =I53 -> 825000 | L53: =SUMIFS('รวมครุภัณฑ์ 70'!L:L,'รวมครุภัณฑ์ 70'!C:C,"ครุภัณฑ์ยานพาหนะและขนส่ง",'รวมครุภัณฑ์ 70'!H:H,B53) -> 0 | M53: =SUMIFS('รวมครุภัณฑ์ 70'!Q:Q,'รวมครุภัณฑ์ 70'!C:C,"ครุภัณฑ์ยานพาหนะและขนส่ง",'รวมครุภัณฑ์ 70'!H:H,B53) -> 0 | N53: =SUMIFS('รวมครุภัณฑ์ 70'!R:R,'รวมครุภัณฑ์ 70'!C:C,"ครุภัณฑ์ยานพาหนะและขนส่ง",'รวมครุภัณฑ์ 70'!H:H,B53) -> 0 | O53: =M53+N53 -> 0 | P53: =L53 -> 0
A54: กรุงเทพมหานคร | B54: ศทส. | C54: =SUMIFS('ครุภัณฑ์ 67'!G:G,'ครุภัณฑ์ 67'!C:C,"ยานพาหนะและขนส่ง",'ครุภัณฑ์ 67'!E:E,B54) -> 0 | D54: =SUMIFS('ครุภัณฑ์ 67'!F:F,'ครุภัณฑ์ 67'!C:C,"ยานพาหนะและขนส่ง",'ครุภัณฑ์ 67'!E:E,B54) -> 0 | E54: =C54 -> 0 | F54: =SUMIFS('ครุภัณฑ์ 68'!G:G,'ครุภัณฑ์ 68'!C:C,"ยานพาหนะและขนส่ง",'ครุภัณฑ์ 68'!E:E,B54) -> 0 | G54: =SUMIFS('ครุภัณฑ์ 68'!F:F,'ครุภัณฑ์ 68'!C:C,"ยานพาหนะและขนส่ง",'ครุภัณฑ์ 68'!E:E,B54) -> 0 | H54: =F54 -> 0 | I54: =SUMIFS('ครุภัณฑ์ 69'!G:G,'ครุภัณฑ์ 69'!C:C,"ยานพาหนะและขนส่ง",'ครุภัณฑ์ 69'!E:E,B54) -> 0 | J54: =SUMIFS('ครุภัณฑ์ 69'!F:F,'ครุภัณฑ์ 69'!C:C,"ยานพาหนะและขนส่ง",'ครุภัณฑ์ 69'!E:E,B54) -> 0 | K54: =I54 -> 0 | L54: =SUMIFS('รวมครุภัณฑ์ 70'!L:L,'รวมครุภัณฑ์ 70'!C:C,"ครุภัณฑ์ยานพาหนะและขนส่ง",'รวมครุภัณฑ์ 70'!H:H,B54) -> 0 | M54: =SUMIFS('รวมครุภัณฑ์ 70'!Q:Q,'รวมครุภัณฑ์ 70'!C:C,"ครุภัณฑ์ยานพาหนะและขนส่ง",'รวมครุภัณฑ์ 70'!H:H,B54) -> 0 | N54: =SUMIFS('รวมครุภัณฑ์ 70'!R:R,'รวมครุภัณฑ์ 70'!C:C,"ครุภัณฑ์ยานพาหนะและขนส่ง",'รวมครุภัณฑ์ 70'!H:H,B54) -> 0 | O54: =M54+N54 -> 0 | P54: =L54 -> 0
A55: กาญจนบุรี | B55: พมจ.กาญจนบุรี | C55: =SUMIFS('ครุภัณฑ์ 67'!G:G,'ครุภัณฑ์ 67'!C:C,"ยานพาหนะและขนส่ง",'ครุภัณฑ์ 67'!E:E,B55) -> 1976800 | D55: =SUMIFS('ครุภัณฑ์ 67'!F:F,'ครุภัณฑ์ 67'!C:C,"ยานพาหนะและขนส่ง",'ครุภัณฑ์ 67'!E:E,B55) -> 2 | E55: =C55 -> 1976800 | F55: =SUMIFS('ครุภัณฑ์ 68'!G:G,'ครุภัณฑ์ 68'!C:C,"ยานพาหนะและขนส่ง",'ครุภัณฑ์ 68'!E:E,B55) -> 0 | G55: =SUMIFS('ครุภัณฑ์ 68'!F:F,'ครุภัณฑ์ 68'!C:C,"ยานพาหนะและขนส่ง",'ครุภัณฑ์ 68'!E:E,B55) -> 0 | H55: =F55 -> 0 | I55: =SUMIFS('ครุภัณฑ์ 69'!G:G,'ครุภัณฑ์ 69'!C:C,"ยานพาหนะและขนส่ง",'ครุภัณฑ์ 69'!E:E,B55) -> 0 | J55: =SUMIFS('ครุภัณฑ์ 69'!F:F,'ครุภัณฑ์ 69'!C:C,"ยานพาหนะและขนส่ง",'ครุภัณฑ์ 69'!E:E,B55) -> 0 | K55: =I55 -> 0 | L55: =SUMIFS('รวมครุภัณฑ์ 70'!L:L,'รวมครุภัณฑ์ 70'!C:C,"ครุภัณฑ์ยานพาหนะและขนส่ง",'รวมครุภัณฑ์ 70'!H:H,B55) -> 0 | M55: =SUMIFS('รวมครุภัณฑ์ 70'!Q:Q,'รวมครุภัณฑ์ 70'!C:C,"ครุภัณฑ์ยานพาหนะและขนส่ง",'รวมครุภัณฑ์ 70'!H:H,B55) -> 0 | N55: =SUMIFS('รวมครุภัณฑ์ 70'!R:R,'รวมครุภัณฑ์ 70'!C:C,"ครุภัณฑ์ยานพาหนะและขนส่ง",'รวมครุภัณฑ์ 70'!H:H,B55) -> 0 | O55: =M55+N55 -> 0 | P55: =L55 -> 0
A56: กำแพงเพชร | B56: พมจ.กำแพงเพชร | C56: =SUMIFS('ครุภัณฑ์ 67'!G:G,'ครุภัณฑ์ 67'!C:C,"ยานพาหนะและขนส่ง",'ครุภัณฑ์ 67'!E:E,B56) -> 0 | D56: =SUMIFS('ครุภัณฑ์ 67'!F:F,'ครุภัณฑ์ 67'!C:C,"ยานพาหนะและขนส่ง",'ครุภัณฑ์ 67'!E:E,B56) -> 0 | E56: =C56 -> 0 | F56: =SUMIFS('ครุภัณฑ์ 68'!G:G,'ครุภัณฑ์ 68'!C:C,"ยานพาหนะและขนส่ง",'ครุภัณฑ์ 68'!E:E,B56) -> 0 | G56: =SUMIFS('ครุภัณฑ์ 68'!F:F,'ครุภัณฑ์ 68'!C:C,"ยานพาหนะและขนส่ง",'ครุภัณฑ์ 68'!E:E,B56) -> 0 | H56: =F56 -> 0 | I56: =SUMIFS('ครุภัณฑ์ 69'!G:G,'ครุภัณฑ์ 69'!C:C,"ยานพาหนะและขนส่ง",'ครุภัณฑ์ 69'!E:E,B56) -> 0 | J56: =SUMIFS('ครุภัณฑ์ 69'!F:F,'ครุภัณฑ์ 69'!C:C,"ยานพาหนะและขนส่ง",'ครุภัณฑ์ 69'!E:E,B56) -> 0 | K56: =I56 -> 0 | L56: =SUMIFS('รวมครุภัณฑ์ 70'!L:L,'รวมครุภัณฑ์ 70'!C:C,"ครุภัณฑ์ยานพาหนะและขนส่ง",'รวมครุภัณฑ์ 70'!H:H,B56) -> 0 | M56: =SUMIFS('รวมครุภัณฑ์ 70'!Q:Q,'รวมครุภัณฑ์ 70'!C:C,"ครุภัณฑ์ยานพาหนะและขนส่ง",'รวมครุภัณฑ์ 70'!H:H,B56) -> 0 | N56: =SUMIFS('รวมครุภัณฑ์ 70'!R:R,'รวมครุภัณฑ์ 70'!C:C,"ครุภัณฑ์ยานพาหนะและขนส่ง",'รวมครุภัณฑ์ 70'!H:H,B56) -> 0 | O56: =M56+N56 -> 0 | P56: =L56 -> 0
A57: จันทบุรี | B57: พมจ.จันทบุรี | C57: =SUMIFS('ครุภัณฑ์ 67'!G:G,'ครุภัณฑ์ 67'!C:C,"ยานพาหนะและขนส่ง",'ครุภัณฑ์ 67'!E:E,B57) -> 0 | D57: =SUMIFS('ครุภัณฑ์ 67'!F:F,'ครุภัณฑ์ 67'!C:C,"ยานพาหนะและขนส่ง",'ครุภัณฑ์ 67'!E:E,B57) -> 0 | E57: =C57 -> 0 | F57: =SUMIFS('ครุภัณฑ์ 68'!G:G,'ครุภัณฑ์ 68'!C:C,"ยานพาหนะและขนส่ง",'ครุภัณฑ์ 68'!E:E,B57) -> 0 | G57: =SUMIFS('ครุภัณฑ์ 68'!F:F,'ครุภัณฑ์ 68'!C:C,"ยานพาหนะและขนส่ง",'ครุภัณฑ์ 68'!E:E,B57) -> 0 | H57: =F57 -> 0 | I57: =SUMIFS('ครุภัณฑ์ 69'!G:G,'ครุภัณฑ์ 69'!C:C,"ยานพาหนะและขนส่ง",'ครุภัณฑ์ 69'!E:E,B57) -> 0 | J57: =SUMIFS('ครุภัณฑ์ 69'!F:F,'ครุภัณฑ์ 69'!C:C,"ยานพาหนะและขนส่ง",'ครุภัณฑ์ 69'!E:E,B57) -> 0 | K57: =I57 -> 0 | L57: =SUMIFS('รวมครุภัณฑ์ 70'!L:L,'รวมครุภัณฑ์ 70'!C:C,"ครุภัณฑ์ยานพาหนะและขนส่ง",'รวมครุภัณฑ์ 70'!H:H,B57) -> 2705900 | M57: =SUMIFS('รวมครุภัณฑ์ 70'!Q:Q,'รวมครุภัณฑ์ 70'!C:C,"ครุภัณฑ์ยานพาหนะและขนส่ง",'รวมครุภัณฑ์ 70'!H:H,B57) -> 2 | N57: =SUMIFS('รวมครุภัณฑ์ 70'!R:R,'รวมครุภัณฑ์ 70'!C:C,"ครุภัณฑ์ยานพาหนะและขนส่ง",'รวมครุภัณฑ์ 70'!H:H,B57) -> 0 | O57: =M57+N57 -> 2 | P57: =L57 -> 2705900
A58: ฉะเชิงเทรา | B58: พมจ.ฉะเชิงเทรา | C58: =SUMIFS('ครุภัณฑ์ 67'!G:G,'ครุภัณฑ์ 67'!C:C,"ยานพาหนะและขนส่ง",'ครุภัณฑ์ 67'!E:E,B58) -> 885900 | D58: =SUMIFS('ครุภัณฑ์ 67'!F:F,'ครุภัณฑ์ 67'!C:C,"ยานพาหนะและขนส่ง",'ครุภัณฑ์ 67'!E:E,B58) -> 1 | E58: =C58 -> 885900 | F58: =SUMIFS('ครุภัณฑ์ 68'!G:G,'ครุภัณฑ์ 68'!C:C,"ยานพาหนะและขนส่ง",'ครุภัณฑ์ 68'!E:E,B58) -> 0 | G58: =SUMIFS('ครุภัณฑ์ 68'!F:F,'ครุภัณฑ์ 68'!C:C,"ยานพาหนะและขนส่ง",'ครุภัณฑ์ 68'!E:E,B58) -> 0 | H58: =F58 -> 0 | I58: =SUMIFS('ครุภัณฑ์ 69'!G:G,'ครุภัณฑ์ 69'!C:C,"ยานพาหนะและขนส่ง",'ครุภัณฑ์ 69'!E:E,B58) -> 0 | J58: =SUMIFS('ครุภัณฑ์ 69'!F:F,'ครุภัณฑ์ 69'!C:C,"ยานพาหนะและขนส่ง",'ครุภัณฑ์ 69'!E:E,B58) -> 0 | K58: =I58 -> 0 | L58: =SUMIFS('รวมครุภัณฑ์ 70'!L:L,'รวมครุภัณฑ์ 70'!C:C,"ครุภัณฑ์ยานพาหนะและขนส่ง",'รวมครุภัณฑ์ 70'!H:H,B58) -> 0 | M58: =SUMIFS('รวมครุภัณฑ์ 70'!Q:Q,'รวมครุภัณฑ์ 70'!C:C,"ครุภัณฑ์ยานพาหนะและขนส่ง",'รวมครุภัณฑ์ 70'!H:H,B58) -> 0 | N58: =SUMIFS('รวมครุภัณฑ์ 70'!R:R,'รวมครุภัณฑ์ 70'!C:C,"ครุภัณฑ์ยานพาหนะและขนส่ง",'รวมครุภัณฑ์ 70'!H:H,B58) -> 0 | O58: =M58+N58 -> 0 | P58: =L58 -> 0
... A95: อุทัยธานี | B95: พมจ.อุทัยธานี | C95: =SUMIFS('ครุภัณฑ์ 67'!G:G,'ครุภัณฑ์ 67'!C:C,"ยานพาหนะและขนส่ง",'ครุภัณฑ์ 67'!E:E,B95) -> 0 | D95: =SUMIFS('ครุภัณฑ์ 67'!F:F,'ครุภัณฑ์ 67'!C:C,"ยานพาหนะและขนส่ง",'ครุภัณฑ์ 67'!E:E,B95) -> 0 | E95: =C95 -> 0 | F95: =SUMIFS('ครุภัณฑ์ 68'!G:G,'ครุภัณฑ์ 68'!C:C,"ยานพาหนะและขนส่ง",'ครุภัณฑ์ 68'!E:E,B95) -> 0 | G95: =SUMIFS('ครุภัณฑ์ 68'!F:F,'ครุภัณฑ์ 68'!C:C,"ยานพาหนะและขนส่ง",'ครุภัณฑ์ 68'!E:E,B95) -> 0 | H95: =F95 -> 0 | I95: =SUMIFS('ครุภัณฑ์ 69'!G:G,'ครุภัณฑ์ 69'!C:C,"ยานพาหนะและขนส่ง",'ครุภัณฑ์ 69'!E:E,B95) -> 0 | J95: =SUMIFS('ครุภัณฑ์ 69'!F:F,'ครุภัณฑ์ 69'!C:C,"ยานพาหนะและขนส่ง",'ครุภัณฑ์ 69'!E:E,B95) -> 0 | K95: =I95 -> 0 | L95: =SUMIFS('รวมครุภัณฑ์ 70'!L:L,'รวมครุภัณฑ์ 70'!C:C,"ครุภัณฑ์ยานพาหนะและขนส่ง",'รวมครุภัณฑ์ 70'!H:H,B95) -> 1207900 | M95: =SUMIFS('รวมครุภัณฑ์ 70'!Q:Q,'รวมครุภัณฑ์ 70'!C:C,"ครุภัณฑ์ยานพาหนะและขนส่ง",'รวมครุภัณฑ์ 70'!H:H,B95) -> 1 | N95: =SUMIFS('รวมครุภัณฑ์ 70'!R:R,'รวมครุภัณฑ์ 70'!C:C,"ครุภัณฑ์ยานพาหนะและขนส่ง",'รวมครุภัณฑ์ 70'!H:H,B95) -> 0 | O95: =M95+N95 -> 1 | P95: =L95 -> 1207900
A96: ภาคใต้
A97: กระบี่ | B97: พมจ.กระบี่ | C97: =SUMIFS('ครุภัณฑ์ 67'!G:G,'ครุภัณฑ์ 67'!C:C,"ยานพาหนะและขนส่ง",'ครุภัณฑ์ 67'!E:E,B97) -> 0 | D97: =SUMIFS('ครุภัณฑ์ 67'!F:F,'ครุภัณฑ์ 67'!C:C,"ยานพาหนะและขนส่ง",'ครุภัณฑ์ 67'!E:E,B97) -> 0 | E97: =C97 -> 0 | F97: =SUMIFS('ครุภัณฑ์ 68'!G:G,'ครุภัณฑ์ 68'!C:C,"ยานพาหนะและขนส่ง",'ครุภัณฑ์ 68'!E:E,B97) -> 0 | G97: =SUMIFS('ครุภัณฑ์ 68'!F:F,'ครุภัณฑ์ 68'!C:C,"ยานพาหนะและขนส่ง",'ครุภัณฑ์ 68'!E:E,B97) -> 0 | H97: =F97 -> 0 | I97: =SUMIFS('ครุภัณฑ์ 69'!G:G,'ครุภัณฑ์ 69'!C:C,"ยานพาหนะและขนส่ง",'ครุภัณฑ์ 69'!E:E,B97) -> 1369000 | J97: =SUMIFS('ครุภัณฑ์ 69'!F:F,'ครุภัณฑ์ 69'!C:C,"ยานพาหนะและขนส่ง",'ครุภัณฑ์ 69'!E:E,B97) -> 1 | K97: =I97 -> 1369000 | L97: =SUMIFS('รวมครุภัณฑ์ 70'!L:L,'รวมครุภัณฑ์ 70'!C:C,"ครุภัณฑ์ยานพาหนะและขนส่ง",'รวมครุภัณฑ์ 70'!H:H,B97) -> 0 | M97: =SUMIFS('รวมครุภัณฑ์ 70'!Q:Q,'รวมครุภัณฑ์ 70'!C:C,"ครุภัณฑ์ยานพาหนะและขนส่ง",'รวมครุภัณฑ์ 70'!H:H,B97) -> 0 | N97: =SUMIFS('รวมครุภัณฑ์ 70'!R:R,'รวมครุภัณฑ์ 70'!C:C,"ครุภัณฑ์ยานพาหนะและขนส่ง",'รวมครุภัณฑ์ 70'!H:H,B97) -> 0 | O97: =M97+N97 -> 0 | P97: =L97 -> 0 | Q97: =SUM(L97:L115) -> 25186700
A98: ชุมพร | B98: พมจ.ชุมพร | C98: =SUMIFS('ครุภัณฑ์ 67'!G:G,'ครุภัณฑ์ 67'!C:C,"ยานพาหนะและขนส่ง",'ครุภัณฑ์ 67'!E:E,B98) -> 1090900 | D98: =SUMIFS('ครุภัณฑ์ 67'!F:F,'ครุภัณฑ์ 67'!C:C,"ยานพาหนะและขนส่ง",'ครุภัณฑ์ 67'!E:E,B98) -> 1 | E98: =C98 -> 1090900 | F98: =SUMIFS('ครุภัณฑ์ 68'!G:G,'ครุภัณฑ์ 68'!C:C,"ยานพาหนะและขนส่ง",'ครุภัณฑ์ 68'!E:E,B98) -> 1090900 | G98: =SUMIFS('ครุภัณฑ์ 68'!F:F,'ครุภัณฑ์ 68'!C:C,"ยานพาหนะและขนส่ง",'ครุภัณฑ์ 68'!E:E,B98) -> 1 | H98: =F98 -> 1090900 | I98: =SUMIFS('ครุภัณฑ์ 69'!G:G,'ครุภัณฑ์ 69'!C:C,"ยานพาหนะและขนส่ง",'ครุภัณฑ์ 69'!E:E,B98) -> 0 | J98: =SUMIFS('ครุภัณฑ์ 69'!F:F,'ครุภัณฑ์ 69'!C:C,"ยานพาหนะและขนส่ง",'ครุภัณฑ์ 69'!E:E,B98) -> 0 | K98: =I98 -> 0 | L98: =SUMIFS('รวมครุภัณฑ์ 70'!L:L,'รวมครุภัณฑ์ 70'!C:C,"ครุภัณฑ์ยานพาหนะและขนส่ง",'รวมครุภัณฑ์ 70'!H:H,B98) -> 1498000 | M98: =SUMIFS('รวมครุภัณฑ์ 70'!Q:Q,'รวมครุภัณฑ์ 70'!C:C,"ครุภัณฑ์ยานพาหนะและขนส่ง",'รวมครุภัณฑ์ 70'!H:H,B98) -> 1 | N98: =SUMIFS('รวมครุภัณฑ์ 70'!R:R,'รวมครุภัณฑ์ 70'!C:C,"ครุภัณฑ์ยานพาหนะและขนส่ง",'รวมครุภัณฑ์ 70'!H:H,B98) -> 0 | O98: =M98+N98 -> 1 | P98: =L98 -> 1498000 | Q98: =SUM(#REF!) -> #REF!
A99: ตรัง | B99: พมจ.ตรัง | C99: =SUMIFS('ครุภัณฑ์ 67'!G:G,'ครุภัณฑ์ 67'!C:C,"ยานพาหนะและขนส่ง",'ครุภัณฑ์ 67'!E:E,B99) -> 1090900 | D99: =SUMIFS('ครุภัณฑ์ 67'!F:F,'ครุภัณฑ์ 67'!C:C,"ยานพาหนะและขนส่ง",'ครุภัณฑ์ 67'!E:E,B99) -> 1 | E99: =C99 -> 1090900 | F99: =SUMIFS('ครุภัณฑ์ 68'!G:G,'ครุภัณฑ์ 68'!C:C,"ยานพาหนะและขนส่ง",'ครุภัณฑ์ 68'!E:E,B99) -> 0 | G99: =SUMIFS('ครุภัณฑ์ 68'!F:F,'ครุภัณฑ์ 68'!C:C,"ยานพาหนะและขนส่ง",'ครุภัณฑ์ 68'!E:E,B99) -> 0 | H99: =F99 -> 0 | I99: =SUMIFS('ครุภัณฑ์ 69'!G:G,'ครุภัณฑ์ 69'!C:C,"ยานพาหนะและขนส่ง",'ครุภัณฑ์ 69'!E:E,B99) -> 0 | J99: =SUMIFS('ครุภัณฑ์ 69'!F:F,'ครุภัณฑ์ 69'!C:C,"ยานพาหนะและขนส่ง",'ครุภัณฑ์ 69'!E:E,B99) -> 0 | K99: =I99 -> 0 | L99: =SUMIFS('รวมครุภัณฑ์ 70'!L:L,'รวมครุภัณฑ์ 70'!C:C,"ครุภัณฑ์ยานพาหนะและขนส่ง",'รวมครุภัณฑ์ 70'!H:H,B99) -> 1207900 | M99: =SUMIFS('รวมครุภัณฑ์ 70'!Q:Q,'รวมครุภัณฑ์ 70'!C:C,"ครุภัณฑ์ยานพาหนะและขนส่ง",'รวมครุภัณฑ์ 70'!H:H,B99) -> 1 | N99: =SUMIFS('รวมครุภัณฑ์ 70'!R:R,'รวมครุภัณฑ์ 70'!C:C,"ครุภัณฑ์ยานพาหนะและขนส่ง",'รวมครุภัณฑ์ 70'!H:H,B99) -> 0 | O99: =M99+N99 -> 1 | P99: =L99 -> 1207900 | Q99: =Q97+Q98 -> #REF!
A100: นครศรีธรรมราช | B100: พมจ.นครศรีธรรมราช | C100: =SUMIFS('ครุภัณฑ์ 67'!G:G,'ครุภัณฑ์ 67'!C:C,"ยานพาหนะและขนส่ง",'ครุภัณฑ์ 67'!E:E,B100) -> 1090900 | D100: =SUMIFS('ครุภัณฑ์ 67'!F:F,'ครุภัณฑ์ 67'!C:C,"ยานพาหนะและขนส่ง",'ครุภัณฑ์ 67'!E:E,B100) -> 1 | E100: =C100 -> 1090900 | F100: =SUMIFS('ครุภัณฑ์ 68'!G:G,'ครุภัณฑ์ 68'!C:C,"ยานพาหนะและขนส่ง",'ครุภัณฑ์ 68'!E:E,B100) -> 0 | G100: =SUMIFS('ครุภัณฑ์ 68'!F:F,'ครุภัณฑ์ 68'!C:C,"ยานพาหนะและขนส่ง",'ครุภัณฑ์ 68'!E:E,B100) -> 0 | H100: =F100 -> 0 | I100: =SUMIFS('ครุภัณฑ์ 69'!G:G,'ครุภัณฑ์ 69'!C:C,"ยานพาหนะและขนส่ง",'ครุภัณฑ์ 69'!E:E,B100) -> 0 | J100: =SUMIFS('ครุภัณฑ์ 69'!F:F,'ครุภัณฑ์ 69'!C:C,"ยานพาหนะและขนส่ง",'ครุภัณฑ์ 69'!E:E,B100) -> 0 | K100: =I100 -> 0 | L100: =SUMIFS('รวมครุภัณฑ์ 70'!L:L,'รวมครุภัณฑ์ 70'!C:C,"ครุภัณฑ์ยานพาหนะและขนส่ง",'รวมครุภัณฑ์ 70'!H:H,B100) -> 60100 | M100: =SUMIFS('รวมครุภัณฑ์ 70'!Q:Q,'รวมครุภัณฑ์ 70'!C:C,"ครุภัณฑ์ยานพาหนะและขนส่ง",'รวมครุภัณฑ์ 70'!H:H,B100) -> 1 | N100: =SUMIFS('รวมครุภัณฑ์ 70'!R:R,'รวมครุภัณฑ์ 70'!C:C,"ครุภัณฑ์ยานพาหนะและขนส่ง",'รวมครุภัณฑ์ 70'!H:H,B100) -> 0 | O100: =M100+N100 -> 1 | P100: =L100 -> 60100
A101: นราธิวาส | B101: พมจ.นราธิวาส | C101: =SUMIFS('ครุภัณฑ์ 67'!G:G,'ครุภัณฑ์ 67'!C:C,"ยานพาหนะและขนส่ง",'ครุภัณฑ์ 67'!E:E,B101) -> 0 | D101: =SUMIFS('ครุภัณฑ์ 67'!F:F,'ครุภัณฑ์ 67'!C:C,"ยานพาหนะและขนส่ง",'ครุภัณฑ์ 67'!E:E,B101) -> 0 | E101: =C101 -> 0 | F101: =SUMIFS('ครุภัณฑ์ 68'!G:G,'ครุภัณฑ์ 68'!C:C,"ยานพาหนะและขนส่ง",'ครุภัณฑ์ 68'!E:E,B101) -> 885900 | G101: =SUMIFS('ครุภัณฑ์ 68'!F:F,'ครุภัณฑ์ 68'!C:C,"ยานพาหนะและขนส่ง",'ครุภัณฑ์ 68'!E:E,B101) -> 1 | H101: =F101 -> 885900 | I101: =SUMIFS('ครุภัณฑ์ 69'!G:G,'ครุภัณฑ์ 69'!C:C,"ยานพาหนะและขนส่ง",'ครุภัณฑ์ 69'!E:E,B101) -> 1207900 | J101: =SUMIFS('ครุภัณฑ์ 69'!F:F,'ครุภัณฑ์ 69'!C:C,"ยานพาหนะและขนส่ง",'ครุภัณฑ์ 69'!E:E,B101) -> 1 | K101: =I101 -> 1207900 | L101: =SUMIFS('รวมครุภัณฑ์ 70'!L:L,'รวมครุภัณฑ์ 70'!C:C,"ครุภัณฑ์ยานพาหนะและขนส่ง",'รวมครุภัณฑ์ 70'!H:H,B101) -> 2468900 | M101: =SUMIFS('รวมครุภัณฑ์ 70'!Q:Q,'รวมครุภัณฑ์ 70'!C:C,"ครุภัณฑ์ยานพาหนะและขนส่ง",'รวมครุภัณฑ์ 70'!H:H,B101) -> 2 | N101: =SUMIFS('รวมครุภัณฑ์ 70'!R:R,'รวมครุภัณฑ์ 70'!C:C,"ครุภัณฑ์ยานพาหนะและขนส่ง",'รวมครุภัณฑ์ 70'!H:H,B101) -> 0 | O101: =M101+N101 -> 2 | P101: =L101 -> 2468900
A102: ปัตตานี | B102: พมจ.ปัตตานี | C102: =SUMIFS('ครุภัณฑ์ 67'!G:G,'ครุภัณฑ์ 67'!C:C,"ยานพาหนะและขนส่ง",'ครุภัณฑ์ 67'!E:E,B102) -> 1090900 | D102: =SUMIFS('ครุภัณฑ์ 67'!F:F,'ครุภัณฑ์ 67'!C:C,"ยานพาหนะและขนส่ง",'ครุภัณฑ์ 67'!E:E,B102) -> 1 | E102: =C102 -> 1090900 | F102: =SUMIFS('ครุภัณฑ์ 68'!G:G,'ครุภัณฑ์ 68'!C:C,"ยานพาหนะและขนส่ง",'ครุภัณฑ์ 68'!E:E,B102) -> 0 | G102: =SUMIFS('ครุภัณฑ์ 68'!F:F,'ครุภัณฑ์ 68'!C:C,"ยานพาหนะและขนส่ง",'ครุภัณฑ์ 68'!E:E,B102) -> 0 | H102: =F102 -> 0 | I102: =SUMIFS('ครุภัณฑ์ 69'!G:G,'ครุภัณฑ์ 69'!C:C,"ยานพาหนะและขนส่ง",'ครุภัณฑ์ 69'!E:E,B102) -> 0 | J102: =SUMIFS('ครุภัณฑ์ 69'!F:F,'ครุภัณฑ์ 69'!C:C,"ยานพาหนะและขนส่ง",'ครุภัณฑ์ 69'!E:E,B102) -> 0 | K102: =I102 -> 0 | L102: =SUMIFS('รวมครุภัณฑ์ 70'!L:L,'รวมครุภัณฑ์ 70'!C:C,"ครุภัณฑ์ยานพาหนะและขนส่ง",'รวมครุภัณฑ์ 70'!H:H,B102) -> 1498000 | M102: =SUMIFS('รวมครุภัณฑ์ 70'!Q:Q,'รวมครุภัณฑ์ 70'!C:C,"ครุภัณฑ์ยานพาหนะและขนส่ง",'รวมครุภัณฑ์ 70'!H:H,B102) -> 1 | N102: =SUMIFS('รวมครุภัณฑ์ 70'!R:R,'รวมครุภัณฑ์ 70'!C:C,"ครุภัณฑ์ยานพาหนะและขนส่ง",'รวมครุภัณฑ์ 70'!H:H,B102) -> 0 | O102: =M102+N102 -> 1 | P102: =L102 -> 1498000
A103: พังงา | B103: พมจ.พังงา | C103: =SUMIFS('ครุภัณฑ์ 67'!G:G,'ครุภัณฑ์ 67'!C:C,"ยานพาหนะและขนส่ง",'ครุภัณฑ์ 67'!E:E,B103) -> 1358000 | D103: =SUMIFS('ครุภัณฑ์ 67'!F:F,'ครุภัณฑ์ 67'!C:C,"ยานพาหนะและขนส่ง",'ครุภัณฑ์ 67'!E:E,B103) -> 1 | E103: =C103 -> 1358000 | F103: =SUMIFS('ครุภัณฑ์ 68'!G:G,'ครุภัณฑ์ 68'!C:C,"ยานพาหนะและขนส่ง",'ครุภัณฑ์ 68'!E:E,B103) -> 0 | G103: =SUMIFS('ครุภัณฑ์ 68'!F:F,'ครุภัณฑ์ 68'!C:C,"ยานพาหนะและขนส่ง",'ครุภัณฑ์ 68'!E:E,B103) -> 0 | H103: =F103 -> 0 | I103: =SUMIFS('ครุภัณฑ์ 69'!G:G,'ครุภัณฑ์ 69'!C:C,"ยานพาหนะและขนส่ง",'ครุภัณฑ์ 69'!E:E,B103) -> 0 | J103: =SUMIFS('ครุภัณฑ์ 69'!F:F,'ครุภัณฑ์ 69'!C:C,"ยานพาหนะและขนส่ง",'ครุภัณฑ์ 69'!E:E,B103) -> 0 | K103: =I103 -> 0 | L103: =SUMIFS('รวมครุภัณฑ์ 70'!L:L,'รวมครุภัณฑ์ 70'!C:C,"ครุภัณฑ์ยานพาหนะและขนส่ง",'รวมครุภัณฑ์ 70'!H:H,B103) -> 1207900 | M103: =SUMIFS('รวมครุภัณฑ์ 70'!Q:Q,'รวมครุภัณฑ์ 70'!C:C,"ครุภัณฑ์ยานพาหนะและขนส่ง",'รวมครุภัณฑ์ 70'!H:H,B103) -> 1 | N103: =SUMIFS('รวมครุภัณฑ์ 70'!R:R,'รวมครุภัณฑ์ 70'!C:C,"ครุภัณฑ์ยานพาหนะและขนส่ง",'รวมครุภัณฑ์ 70'!H:H,B103) -> 0 | O103: =M103+N103 -> 1 | P103: =L103 -> 1207900
A104: พัทลุง | B104: พมจ.พัทลุง | C104: =SUMIFS('ครุภัณฑ์ 67'!G:G,'ครุภัณฑ์ 67'!C:C,"ยานพาหนะและขนส่ง",'ครุภัณฑ์ 67'!E:E,B104) -> 1358000 | D104: =SUMIFS('ครุภัณฑ์ 67'!F:F,'ครุภัณฑ์ 67'!C:C,"ยานพาหนะและขนส่ง",'ครุภัณฑ์ 67'!E:E,B104) -> 1 | E104: =C104 -> 1358000 | F104: =SUMIFS('ครุภัณฑ์ 68'!G:G,'ครุภัณฑ์ 68'!C:C,"ยานพาหนะและขนส่ง",'ครุภัณฑ์ 68'!E:E,B104) -> 0 | G104: =SUMIFS('ครุภัณฑ์ 68'!F:F,'ครุภัณฑ์ 68'!C:C,"ยานพาหนะและขนส่ง",'ครุภัณฑ์ 68'!E:E,B104) -> 0 | H104: =F104 -> 0 | I104: =SUMIFS('ครุภัณฑ์ 69'!G:G,'ครุภัณฑ์ 69'!C:C,"ยานพาหนะและขนส่ง",'ครุภัณฑ์ 69'!E:E,B104) -> 0 | J104: =SUMIFS('ครุภัณฑ์ 69'!F:F,'ครุภัณฑ์ 69'!C:C,"ยานพาหนะและขนส่ง",'ครุภัณฑ์ 69'!E:E,B104) -> 0 | K104: =I104 -> 0 | L104: =SUMIFS('รวมครุภัณฑ์ 70'!L:L,'รวมครุภัณฑ์ 70'!C:C,"ครุภัณฑ์ยานพาหนะและขนส่ง",'รวมครุภัณฑ์ 70'!H:H,B104) -> 2705900 | M104: =SUMIFS('รวมครุภัณฑ์ 70'!Q:Q,'รวมครุภัณฑ์ 70'!C:C,"ครุภัณฑ์ยานพาหนะและขนส่ง",'รวมครุภัณฑ์ 70'!H:H,B104) -> 2 | N104: =SUMIFS('รวมครุภัณฑ์ 70'!R:R,'รวมครุภัณฑ์ 70'!C:C,"ครุภัณฑ์ยานพาหนะและขนส่ง",'รวมครุภัณฑ์ 70'!H:H,B104) -> 0 | O104: =M104+N104 -> 2 | P104: =L104 -> 2705900
A105: ภูเก็ต | B105: พมจ.ภูเก็ต | C105: =SUMIFS('ครุภัณฑ์ 67'!G:G,'ครุภัณฑ์ 67'!C:C,"ยานพาหนะและขนส่ง",'ครุภัณฑ์ 67'!E:E,B105) -> 0 | D105: =SUMIFS('ครุภัณฑ์ 67'!F:F,'ครุภัณฑ์ 67'!C:C,"ยานพาหนะและขนส่ง",'ครุภัณฑ์ 67'!E:E,B105) -> 0 | E105: =C105 -> 0 | F105: =SUMIFS('ครุภัณฑ์ 68'!G:G,'ครุภัณฑ์ 68'!C:C,"ยานพาหนะและขนส่ง",'ครุภัณฑ์ 68'!E:E,B105) -> 0 | G105: =SUMIFS('ครุภัณฑ์ 68'!F:F,'ครุภัณฑ์ 68'!C:C,"ยานพาหนะและขนส่ง",'ครุภัณฑ์ 68'!E:E,B105) -> 0 | H105: =F105 -> 0 | I105: =SUMIFS('ครุภัณฑ์ 69'!G:G,'ครุภัณฑ์ 69'!C:C,"ยานพาหนะและขนส่ง",'ครุภัณฑ์ 69'!E:E,B105) -> 1207900 | J105: =SUMIFS('ครุภัณฑ์ 69'!F:F,'ครุภัณฑ์ 69'!C:C,"ยานพาหนะและขนส่ง",'ครุภัณฑ์ 69'!E:E,B105) -> 1 | K105: =I105 -> 1207900 | L105: =SUMIFS('รวมครุภัณฑ์ 70'!L:L,'รวมครุภัณฑ์ 70'!C:C,"ครุภัณฑ์ยานพาหนะและขนส่ง",'รวมครุภัณฑ์ 70'!H:H,B105) -> 0 | M105: =SUMIFS('รวมครุภัณฑ์ 70'!Q:Q,'รวมครุภัณฑ์ 70'!C:C,"ครุภัณฑ์ยานพาหนะและขนส่ง",'รวมครุภัณฑ์ 70'!H:H,B105) -> 0 | N105: =SUMIFS('รวมครุภัณฑ์ 70'!R:R,'รวมครุภัณฑ์ 70'!C:C,"ครุภัณฑ์ยานพาหนะและขนส่ง",'รวมครุภัณฑ์ 70'!H:H,B105) -> 0 | O105: =M105+N105 -> 0 | P105: =L105 -> 0
A106: ยะลา | B106: พมจ.ยะลา | C106: =SUMIFS('ครุภัณฑ์ 67'!G:G,'ครุภัณฑ์ 67'!C:C,"ยานพาหนะและขนส่ง",'ครุภัณฑ์ 67'!E:E,B106) -> 1090900 | D106: =SUMIFS('ครุภัณฑ์ 67'!F:F,'ครุภัณฑ์ 67'!C:C,"ยานพาหนะและขนส่ง",'ครุภัณฑ์ 67'!E:E,B106) -> 1 | E106: =C106 -> 1090900 | F106: =SUMIFS('ครุภัณฑ์ 68'!G:G,'ครุภัณฑ์ 68'!C:C,"ยานพาหนะและขนส่ง",'ครุภัณฑ์ 68'!E:E,B106) -> 0 | G106: =SUMIFS('ครุภัณฑ์ 68'!F:F,'ครุภัณฑ์ 68'!C:C,"ยานพาหนะและขนส่ง",'ครุภัณฑ์ 68'!E:E,B106) -> 0 | H106: =F106 -> 0 | I106: =SUMIFS('ครุภัณฑ์ 69'!G:G,'ครุภัณฑ์ 69'!C:C,"ยานพาหนะและขนส่ง",'ครุภัณฑ์ 69'!E:E,B106) -> 0 | J106: =SUMIFS('ครุภัณฑ์ 69'!F:F,'ครุภัณฑ์ 69'!C:C,"ยานพาหนะและขนส่ง",'ครุภัณฑ์ 69'!E:E,B106) -> 0 | K106: =I106 -> 0 | L106: =SUMIFS('รวมครุภัณฑ์ 70'!L:L,'รวมครุภัณฑ์ 70'!C:C,"ครุภัณฑ์ยานพาหนะและขนส่ง",'รวมครุภัณฑ์ 70'!H:H,B106) -> 2178800 | M106: =SUMIFS('รวมครุภัณฑ์ 70'!Q:Q,'รวมครุภัณฑ์ 70'!C:C,"ครุภัณฑ์ยานพาหนะและขนส่ง",'รวมครุภัณฑ์ 70'!H:H,B106) -> 1 | N106: =SUMIFS('รวมครุภัณฑ์ 70'!R:R,'รวมครุภัณฑ์ 70'!C:C,"ครุภัณฑ์ยานพาหนะและขนส่ง",'รวมครุภัณฑ์ 70'!H:H,B106) -> 1 | O106: =M106+N106 -> 2 | P106: =L106 -> 2178800
A107: ระนอง | B107: พมจ.ระนอง | C107: =SUMIFS('ครุภัณฑ์ 67'!G:G,'ครุภัณฑ์ 67'!C:C,"ยานพาหนะและขนส่ง",'ครุภัณฑ์ 67'!E:E,B107) -> 0 | D107: =SUMIFS('ครุภัณฑ์ 67'!F:F,'ครุภัณฑ์ 67'!C:C,"ยานพาหนะและขนส่ง",'ครุภัณฑ์ 67'!E:E,B107) -> 0 | E107: =C107 -> 0 | F107: =SUMIFS('ครุภัณฑ์ 68'!G:G,'ครุภัณฑ์ 68'!C:C,"ยานพาหนะและขนส่ง",'ครุภัณฑ์ 68'!E:E,B107) -> 0 | G107: =SUMIFS('ครุภัณฑ์ 68'!F:F,'ครุภัณฑ์ 68'!C:C,"ยานพาหนะและขนส่ง",'ครุภัณฑ์ 68'!E:E,B107) -> 0 | H107: =F107 -> 0 | I107: =SUMIFS('ครุภัณฑ์ 69'!G:G,'ครุภัณฑ์ 69'!C:C,"ยานพาหนะและขนส่ง",'ครุภัณฑ์ 69'!E:E,B107) -> 0 | J107: =SUMIFS('ครุภัณฑ์ 69'!F:F,'ครุภัณฑ์ 69'!C:C,"ยานพาหนะและขนส่ง",'ครุภัณฑ์ 69'!E:E,B107) -> 0 | K107: =I107 -> 0 | L107: =SUMIFS('รวมครุภัณฑ์ 70'!L:L,'รวมครุภัณฑ์ 70'!C:C,"ครุภัณฑ์ยานพาหนะและขนส่ง",'รวมครุภัณฑ์ 70'!H:H,B107) -> 0 | M107: =SUMIFS('รวมครุภัณฑ์ 70'!Q:Q,'รวมครุภัณฑ์ 70'!C:C,"ครุภัณฑ์ยานพาหนะและขนส่ง",'รวมครุภัณฑ์ 70'!H:H,B107) -> 0 | N107: =SUMIFS('รวมครุภัณฑ์ 70'!R:R,'รวมครุภัณฑ์ 70'!C:C,"ครุภัณฑ์ยานพาหนะและขนส่ง",'รวมครุภัณฑ์ 70'!H:H,B107) -> 0 | O107: =M107+N107 -> 0 | P107: =L107 -> 0
A108: ระนอง | B108: สคม.ระนอง | C108: =SUMIFS('ครุภัณฑ์ 67'!G:G,'ครุภัณฑ์ 67'!C:C,"ยานพาหนะและขนส่ง",'ครุภัณฑ์ 67'!E:E,B108) -> 0 | D108: =SUMIFS('ครุภัณฑ์ 67'!F:F,'ครุภัณฑ์ 67'!C:C,"ยานพาหนะและขนส่ง",'ครุภัณฑ์ 67'!E:E,B108) -> 0 | E108: =C108 -> 0 | F108: =SUMIFS('ครุภัณฑ์ 68'!G:G,'ครุภัณฑ์ 68'!C:C,"ยานพาหนะและขนส่ง",'ครุภัณฑ์ 68'!E:E,B108) -> 0 | G108: =SUMIFS('ครุภัณฑ์ 68'!F:F,'ครุภัณฑ์ 68'!C:C,"ยานพาหนะและขนส่ง",'ครุภัณฑ์ 68'!E:E,B108) -> 0 | H108: =F108 -> 0 | I108: =SUMIFS('ครุภัณฑ์ 69'!G:G,'ครุภัณฑ์ 69'!C:C,"ยานพาหนะและขนส่ง",'ครุภัณฑ์ 69'!E:E,B108) -> 0 | J108: =SUMIFS('ครุภัณฑ์ 69'!F:F,'ครุภัณฑ์ 69'!C:C,"ยานพาหนะและขนส่ง",'ครุภัณฑ์ 69'!E:E,B108) -> 0 | K108: =I108 -> 0 | L108: =SUMIFS('รวมครุภัณฑ์ 70'!L:L,'รวมครุภัณฑ์ 70'!C:C,"ครุภัณฑ์ยานพาหนะและขนส่ง",'รวมครุภัณฑ์ 70'!H:H,B108) -> 1450000 | M108: =SUMIFS('รวมครุภัณฑ์ 70'!Q:Q,'รวมครุภัณฑ์ 70'!C:C,"ครุภัณฑ์ยานพาหนะและขนส่ง",'รวมครุภัณฑ์ 70'!H:H,B108) -> 1 | N108: =SUMIFS('รวมครุภัณฑ์ 70'!R:R,'รวมครุภัณฑ์ 70'!C:C,"ครุภัณฑ์ยานพาหนะและขนส่ง",'รวมครุภัณฑ์ 70'!H:H,B108) -> 0 | O108: =M108+N108 -> 1 | P108: =L108 -> 1450000
A109: สงขลา | B109: พมจ.สงขลา | C109: =SUMIFS('ครุภัณฑ์ 67'!G:G,'ครุภัณฑ์ 67'!C:C,"ยานพาหนะและขนส่ง",'ครุภัณฑ์ 67'!E:E,B109) -> 1090900 | D109: =SUMIFS('ครุภัณฑ์ 67'!F:F,'ครุภัณฑ์ 67'!C:C,"ยานพาหนะและขนส่ง",'ครุภัณฑ์ 67'!E:E,B109) -> 1 | E109: =C109 -> 1090900 | F109: =SUMIFS('ครุภัณฑ์ 68'!G:G,'ครุภัณฑ์ 68'!C:C,"ยานพาหนะและขนส่ง",'ครุภัณฑ์ 68'!E:E,B109) -> 0 | G109: =SUMIFS('ครุภัณฑ์ 68'!F:F,'ครุภัณฑ์ 68'!C:C,"ยานพาหนะและขนส่ง",'ครุภัณฑ์ 68'!E:E,B109) -> 0 | H109: =F109 -> 0 | I109: =SUMIFS('ครุภัณฑ์ 69'!G:G,'ครุภัณฑ์ 69'!C:C,"ยานพาหนะและขนส่ง",'ครุภัณฑ์ 69'!E:E,B109) -> 0 | J109: =SUMIFS('ครุภัณฑ์ 69'!F:F,'ครุภัณฑ์ 69'!C:C,"ยานพาหนะและขนส่ง",'ครุภัณฑ์ 69'!E:E,B109) -> 0 | K109: =I109 -> 0 | L109: =SUMIFS('รวมครุภัณฑ์ 70'!L:L,'รวมครุภัณฑ์ 70'!C:C,"ครุภัณฑ์ยานพาหนะและขนส่ง",'รวมครุภัณฑ์ 70'!H:H,B109) -> 0 | M109: =SUMIFS('รวมครุภัณฑ์ 70'!Q:Q,'รวมครุภัณฑ์ 70'!C:C,"ครุภัณฑ์ยานพาหนะและขนส่ง",'รวมครุภัณฑ์ 70'!H:H,B109) -> 0 | N109: =SUMIFS('รวมครุภัณฑ์ 70'!R:R,'รวมครุภัณฑ์ 70'!C:C,"ครุภัณฑ์ยานพาหนะและขนส่ง",'รวมครุภัณฑ์ 70'!H:H,B109) -> 0 | O109: =M109+N109 -> 0 | P109: =L109 -> 0
A110: สงขลา | B110: สคม.สงขลา | C110: =SUMIFS('ครุภัณฑ์ 67'!G:G,'ครุภัณฑ์ 67'!C:C,"ยานพาหนะและขนส่ง",'ครุภัณฑ์ 67'!E:E,B110) -> 0 | D110: =SUMIFS('ครุภัณฑ์ 67'!F:F,'ครุภัณฑ์ 67'!C:C,"ยานพาหนะและขนส่ง",'ครุภัณฑ์ 67'!E:E,B110) -> 0 | E110: =C110 -> 0 | F110: =SUMIFS('ครุภัณฑ์ 68'!G:G,'ครุภัณฑ์ 68'!C:C,"ยานพาหนะและขนส่ง",'ครุภัณฑ์ 68'!E:E,B110) -> 0 | G110: =SUMIFS('ครุภัณฑ์ 68'!F:F,'ครุภัณฑ์ 68'!C:C,"ยานพาหนะและขนส่ง",'ครุภัณฑ์ 68'!E:E,B110) -> 0 | H110: =F110 -> 0 | I110: =SUMIFS('ครุภัณฑ์ 69'!G:G,'ครุภัณฑ์ 69'!C:C,"ยานพาหนะและขนส่ง",'ครุภัณฑ์ 69'!E:E,B110) -> 0 | J110: =SUMIFS('ครุภัณฑ์ 69'!F:F,'ครุภัณฑ์ 69'!C:C,"ยานพาหนะและขนส่ง",'ครุภัณฑ์ 69'!E:E,B110) -> 0 | K110: =I110 -> 0 | L110: =SUMIFS('รวมครุภัณฑ์ 70'!L:L,'รวมครุภัณฑ์ 70'!C:C,"ครุภัณฑ์ยานพาหนะและขนส่ง",'รวมครุภัณฑ์ 70'!H:H,B110) -> 1172000 | M110: =SUMIFS('รวมครุภัณฑ์ 70'!Q:Q,'รวมครุภัณฑ์ 70'!C:C,"ครุภัณฑ์ยานพาหนะและขนส่ง",'รวมครุภัณฑ์ 70'!H:H,B110) -> 1 | N110: =SUMIFS('รวมครุภัณฑ์ 70'!R:R,'รวมครุภัณฑ์ 70'!C:C,"ครุภัณฑ์ยานพาหนะและขนส่ง",'รวมครุภัณฑ์ 70'!H:H,B110) -> 0 | O110: =M110+N110 -> 1 | P110: =L110 -> 1172000
A111: สงขลา | B111: สสว.11 | C111: =SUMIFS('ครุภัณฑ์ 67'!G:G,'ครุภัณฑ์ 67'!C:C,"ยานพาหนะและขนส่ง",'ครุภัณฑ์ 67'!E:E,B111) -> 0 | D111: =SUMIFS('ครุภัณฑ์ 67'!F:F,'ครุภัณฑ์ 67'!C:C,"ยานพาหนะและขนส่ง",'ครุภัณฑ์ 67'!E:E,B111) -> 0 | E111: =C111 -> 0 | F111: =SUMIFS('ครุภัณฑ์ 68'!G:G,'ครุภัณฑ์ 68'!C:C,"ยานพาหนะและขนส่ง",'ครุภัณฑ์ 68'!E:E,B111) -> 0 | G111: =SUMIFS('ครุภัณฑ์ 68'!F:F,'ครุภัณฑ์ 68'!C:C,"ยานพาหนะและขนส่ง",'ครุภัณฑ์ 68'!E:E,B111) -> 0 | H111: =F111 -> 0 | I111: =SUMIFS('ครุภัณฑ์ 69'!G:G,'ครุภัณฑ์ 69'!C:C,"ยานพาหนะและขนส่ง",'ครุภัณฑ์ 69'!E:E,B111) -> 0 | J111: =SUMIFS('ครุภัณฑ์ 69'!F:F,'ครุภัณฑ์ 69'!C:C,"ยานพาหนะและขนส่ง",'ครุภัณฑ์ 69'!E:E,B111) -> 0 | K111: =I111 -> 0 | L111: =SUMIFS('รวมครุภัณฑ์ 70'!L:L,'รวมครุภัณฑ์ 70'!C:C,"ครุภัณฑ์ยานพาหนะและขนส่ง",'รวมครุภัณฑ์ 70'!H:H,B111) -> 1498000 | M111: =SUMIFS('รวมครุภัณฑ์ 70'!Q:Q,'รวมครุภัณฑ์ 70'!C:C,"ครุภัณฑ์ยานพาหนะและขนส่ง",'รวมครุภัณฑ์ 70'!H:H,B111) -> 1 | N111: =SUMIFS('รวมครุภัณฑ์ 70'!R:R,'รวมครุภัณฑ์ 70'!C:C,"ครุภัณฑ์ยานพาหนะและขนส่ง",'รวมครุภัณฑ์ 70'!H:H,B111) -> 0 | O111: =M111+N111 -> 1 | P111: =L111 -> 1498000
... A115: สุราษฎร์ธานี | B115: สสว.10 | C115: =SUMIFS('ครุภัณฑ์ 67'!G:G,'ครุภัณฑ์ 67'!C:C,"ยานพาหนะและขนส่ง",'ครุภัณฑ์ 67'!E:E,B115) -> 1055000 | D115: =SUMIFS('ครุภัณฑ์ 67'!F:F,'ครุภัณฑ์ 67'!C:C,"ยานพาหนะและขนส่ง",'ครุภัณฑ์ 67'!E:E,B115) -> 1 | E115: =C115 -> 1055000 | F115: =SUMIFS('ครุภัณฑ์ 68'!G:G,'ครุภัณฑ์ 68'!C:C,"ยานพาหนะและขนส่ง",'ครุภัณฑ์ 68'!E:E,B115) -> 0 | G115: =SUMIFS('ครุภัณฑ์ 68'!F:F,'ครุภัณฑ์ 68'!C:C,"ยานพาหนะและขนส่ง",'ครุภัณฑ์ 68'!E:E,B115) -> 0 | H115: =F115 -> 0 | I115: =SUMIFS('ครุภัณฑ์ 69'!G:G,'ครุภัณฑ์ 69'!C:C,"ยานพาหนะและขนส่ง",'ครุภัณฑ์ 69'!E:E,B115) -> 0 | J115: =SUMIFS('ครุภัณฑ์ 69'!F:F,'ครุภัณฑ์ 69'!C:C,"ยานพาหนะและขนส่ง",'ครุภัณฑ์ 69'!E:E,B115) -> 0 | K115: =I115 -> 0 | L115: =SUMIFS('รวมครุภัณฑ์ 70'!L:L,'รวมครุภัณฑ์ 70'!C:C,"ครุภัณฑ์ยานพาหนะและขนส่ง",'รวมครุภัณฑ์ 70'!H:H,B115) -> 970900 | M115: =SUMIFS('รวมครุภัณฑ์ 70'!Q:Q,'รวมครุภัณฑ์ 70'!C:C,"ครุภัณฑ์ยานพาหนะและขนส่ง",'รวมครุภัณฑ์ 70'!H:H,B115) -> 1 | N115: =SUMIFS('รวมครุภัณฑ์ 70'!R:R,'รวมครุภัณฑ์ 70'!C:C,"ครุภัณฑ์ยานพาหนะและขนส่ง",'รวมครุภัณฑ์ 70'!H:H,B115) -> 0 | O115: =M115+N115 -> 1 | P115: =L115 -> 970900
D117: =SUM(D6:D17)+SUM(D19:D42)+SUM(D44:D95)+SUM(D97:D115) -> 56 | E117: =SUM(E6:E17)+SUM(E19:E42)+SUM(E44:E95)+SUM(E97:E115) -> 69869700 | G117: =SUM(G6:G17)+SUM(G19:G42)+SUM(G44:G95)+SUM(G97:G115) -> 28 | H117: =SUM(H6:H17)+SUM(H19:H42)+SUM(H44:H95)+SUM(H97:H115) -> 35737900 | J117: =SUM(J6:J17)+SUM(J19:J42)+SUM(J44:J95)+SUM(J97:J115) -> 23 | K117: =SUM(K6:K17)+SUM(K19:K42)+SUM(K44:K95)+SUM(K97:K115) -> 25309800 | L117: =SUM(L6:L17)+SUM(L19:L42)+SUM(L44:L95)+SUM(L97:L115) -> 110295600 | M117: =SUM(M6:M17)+SUM(M19:M42)+SUM(M44:M95)+SUM(M97:M115) -> 82 | N117: =SUM(N6:N17)+SUM(N19:N42)+SUM(N44:N95)+SUM(N97:N115) -> 6 | O117: =SUM(O6:O17)+SUM(O19:O42)+SUM(O44:O95)+SUM(O97:O115) -> 88 | P117: =SUM(P6:P17)+SUM(P19:P42)+SUM(P44:P95)+SUM(P97:P115) -> 110295600

Sheet BudgetData
A1: BudgetID | B1: ปี | C1: ประเภทงบ | D1: หมวด | E1: รายการ | F1: หน่วยงาน | G1: จังหวัด | H1: ทดแทนจำนวน | I1: เพิ่มประสิทธิภาพจำนวน | J1: รวมคำขอทั้งสิ้น | K1: งบประมาณ | L1: ประเภทคำขอ
A2: B000001 | B2: 2567 | C2: ครุภัณฑ์ | D2: ยานพาหนะและขนส่ง | E2: รถโดยสาร ขนาด 12 ที่นั่ง (ดีเซล) ปริมาตรกระบอกสูบไม่ต่ำกว่า 2,400 ซีซี หรือกำลังเครื่องยนต์สูงสุดไม่ต่ำกว่า 90 กิโลวัตต์ สำนักงานส่งเสริมและสนับสนุนวิชาการ 9 ตำบลช้างเผือก อำเภอเมืองเชียงใหม่ จังหวัดเชียงใหม่ | F2: สสว.9 | G2: เชียงใหม่ | H2: 1 | I2: 0 | J2: =Table47[[#This Row],[ทดแทนจำนวน]]+Table47[[#This Row],[เพิ่มประสิทธิภาพจำนวน]] -> 1 | K2: 1358000
A3: B000002 | B3: 2567 | C3: ครุภัณฑ์ | D3: ยานพาหนะและขนส่ง | E3: รถบรรทุก (ดีเซล) ขนาด 1 ตัน ปริมาตรกระบอกสูบไม่ต่ำกว่า 2,400 ซีซี หรือกำลังเครื่องยนต์สูงสุดไม่ต่ำกว่า 110 กิโลวัตต์ ขับเคลื่อน 4 ล้อ แบบดับเบิ้ลแค็บ พร้อมหลังคาไฟเบอร์กลาสหรือเหล็ก สำนักงานส่งเสริมและสนับสนุนวิชาการ 9 ตำบลช้างเผือก อำเภอเมืองเชียงใหม่ จังหวัดเชียงใหม่ | F3: สสว.9 | G3: เชียงใหม่ | H3: 1 | I3: 0 | J3: =Table47[[#This Row],[ทดแทนจำนวน]]+Table47[[#This Row],[เพิ่มประสิทธิภาพจำนวน]] -> 1 | K3: 1090900
A4: B000003 | B4: 2567 | C4: ครุภัณฑ์ | D4: ยานพาหนะและขนส่ง | E4: รถโดยสาร ขนาด 12 ที่นั่ง (ดีเซล) ปริมาตรกระบอกสูบไม่ต่ำกว่า 2,400 ซีซี หรือกำลังเครื่องยนต์สูงสุดไม่ต่ำกว่า 90 กิโลวัตต์ สำนักงานพัฒนาสังคมและความมั่นคงของมนุษย์จังหวัดน่าน ตำบลไชยสถาน อำเภอเมืองน่าน จังหวัดน่าน | F4: พมจ.น่าน | G4: น่าน | H4: 1 | I4: 0 | J4: =Table47[[#This Row],[ทดแทนจำนวน]]+Table47[[#This Row],[เพิ่มประสิทธิภาพจำนวน]] -> 1 | K4: 1358000
A5: B000004 | B5: 2567 | C5: ครุภัณฑ์ | D5: สำนักงาน | E5: เครื่องถ่ายเอกสาร ระบบดิจิตอล (ขาว-ดำ) ความเร็ว 40 แผ่นต่อนาที สำนักงานพัฒนาสังคมและความมั่นคงของมนุษย์จังหวัดน่าน ตำบลไชยสถาน อำเภอเมืองน่าน จังหวัดน่าน | F5: พมจ.น่าน | G5: น่าน | H5: 1 | I5: 0 | J5: =Table47[[#This Row],[ทดแทนจำนวน]]+Table47[[#This Row],[เพิ่มประสิทธิภาพจำนวน]] -> 1 | K5: 180000
A6: B000005 | B6: 2567 | C6: ครุภัณฑ์ | D6: สำนักงาน | E6: เครื่องถ่ายเอกสาร ระบบดิจิตอล (ขาว-ดำ) ความเร็ว 50 แผ่นต่อนาที สำนักงานพัฒนาสังคมและความมั่นคงของมนุษย์จังหวัดแพร่ ตำบลในเวียง อำเภอเมืองแพร่ จังหวัดแพร่ | F6: พมจ.แพร่ | G6: แพร่ | H6: 1 | I6: 0 | J6: =Table47[[#This Row],[ทดแทนจำนวน]]+Table47[[#This Row],[เพิ่มประสิทธิภาพจำนวน]] -> 1 | K6: 200000
A7: B000006 | B7: 2567 | C7: ครุภัณฑ์ | D7: ยานพาหนะและขนส่ง | E7: รถบรรทุก (ดีเซล) ขนาด 1 ตัน ปริมาตรกระบอกสูบไม่ต่ำกว่า 2,400 ซีซี หรือกำลังเครื่องยนต์สูงสุดไม่ต่ำกว่า 110 กิโลวัตต์ ขับเคลื่อน 2 ล้อ แบบดับเบิ้ลแค็บ พร้อมหลังคาไฟเบอร์กลาสหรือเหล็ก สำนักงานส่งเสริมและสนับสนุนวิชาการ 8 ตำบลผาเลือด อำเภอท่าปลา จังหวัดอุตรดิตถ์ | F7: สสว.8 | G7: อุตรดิษถ์ | H7: 1 | I7: 0 | J7: =Table47[[#This Row],[ทดแทนจำนวน]]+Table47[[#This Row],[เพิ่มประสิทธิภาพจำนวน]] -> 1 | K7: 885900
A8: B000007 | B8: 2567 | C8: ครุภัณฑ์ | D8: ยานพาหนะและขนส่ง | E8: รถบรรทุก (ดีเซล) ขนาด 1 ตัน ปริมาตรกระบอกสูบไม่ต่ำกว่า 2,400 ซีซี หรือกำลังเครื่องยนต์สูงสุดไม่ต่ำกว่า 110 กิโลวัตต์ ขับเคลื่อน 2 ล้อ แบบดับเบิ้ลแค็บ พร้อมหลังคาไฟเบอร์กลาสหรือเหล็ก สำนักงานพัฒนาสังคมและความมั่นคงของมนุษย์จังหวัดกาฬสินธุ์ ตำบลกาฬสินธุ์ อำเภอเมืองกาฬสินธุ์ จังหวัดกาฬสินธุ์ | F8: พมจ.กาฬสินธุ์ | G8: กาฬสินธุ์ | H8: 1 | I8: 0 | J8: =Table47[[#This Row],[ทดแทนจำนวน]]+Table47[[#This Row],[เพิ่มประสิทธิภาพจำนวน]] -> 1 | K8: 885900
A9: B000008 | B9: 2567 | C9: ครุภัณฑ์ | D9: ยานพาหนะและขนส่ง | E9: รถบรรทุก (ดีเซล) ขนาด 1 ตัน ปริมาตรกระบอกสูบไม่ต่ำกว่า 2,400 ซีซี หรือกำลังเครื่องยนต์สูงสุดไม่ต่ำกว่า 110 กิโลวัตต์ ขับเคลื่อน 4 ล้อ แบบดับเบิ้ลแค็บ พร้อมหลังคาไฟเบอร์กลาสหรือเหล็ก สำนักงานพัฒนาสังคมและความมั่นคงของมนุษย์จังหวัดกาฬสินธุ์ ตำบลกาฬสินธุ์ อำเภอเมืองกาฬสินธุ์ จังหวัดกาฬสินธุ์ | F9: พมจ.กาฬสินธุ์ | G9: กาฬสินธุ์ | H9: 1 | I9: 0 | J9: =Table47[[#This Row],[ทดแทนจำนวน]]+Table47[[#This Row],[เพิ่มประสิทธิภาพจำนวน]] -> 1 | K9: 1090900
A10: B000009 | B10: 2567 | C10: ครุภัณฑ์ | D10: สำนักงาน | E10: เครื่องถ่ายเอกสาร ระบบดิจิตอล (ขาว-ดำ) ความเร็ว 50 แผ่นต่อนาที สำนักงานพัฒนาสังคมและความมั่นคงของมนุษย์จังหวัดขอนแก่น ตำบลในเมือง อำเภอเมืองขอนแก่น จังหวัดขอนแก่น | F10: พมจ.ขอนแก่น | G10: ขอนแก่น | H10: 1 | I10: 0 | J10: =Table47[[#This Row],[ทดแทนจำนวน]]+Table47[[#This Row],[เพิ่มประสิทธิภาพจำนวน]] -> 1 | K10: 200000
A11: B000010 | B11: 2567 | C11: ครุภัณฑ์ | D11: ยานพาหนะและขนส่ง | E11: รถโดยสาร ขนาด 12 ที่นั่ง (ดีเซล) ปริมาตรกระบอกสูบไม่ต่ำกว่า 2,400 ซีซี หรือกำลังเครื่องยนต์สูงสุดไม่ต่ำกว่า 90 กิโลวัตต์ สำนักงานส่งเสริมและสนับสนุนวิชาการ 5 ตำบลโคกสูง อำเภออุบลรัตน์ จังหวัดขอนแก่น | F11: สสว.5 | G11: ขอนแก่น | H11: 1 | I11: 0 | J11: =Table47[[#This Row],[ทดแทนจำนวน]]+Table47[[#This Row],[เพิ่มประสิทธิภาพจำนวน]] -> 1 | K11: 1358000
A12: B000011 | B12: 2567 | C12: ครุภัณฑ์ | D12: ยานพาหนะและขนส่ง | E12: รถบรรทุก (ดีเซล) ขนาด 1 ตัน ปริมาตรกระบอกสูบไม่ต่ำกว่า 2,400 ซีซี หรือกำลังเครื่องยนต์สูงสุดไม่ต่ำกว่า 110 กิโลวัตต์ ขับเคลื่อน 4 ล้อ แบบดับเบิ้ลแค็บ พร้อมหลังคาไฟเบอร์กลาสหรือเหล็ก สำนักงานพัฒนาสังคมและความมั่นคงของมนุษย์จังหวัดชัยภูมิ ตำบลในเมือง อำเภอเมืองชัยภูมิ จังหวัดชัยภูมิ | F12: พมจ.ชัยภูมิ | G12: ชัยภูมิ | H12: 1 | I12: 0 | J12: =Table47[[#This Row],[ทดแทนจำนวน]]+Table47[[#This Row],[เพิ่มประสิทธิภาพจำนวน]] -> 1 | K12: 1090900
A13: B000012 | B13: 2567 | C13: ครุภัณฑ์ | D13: ยานพาหนะและขนส่ง | E13: รถโดยสาร ขนาด 12 ที่นั่ง (ดีเซล) ปริมาตรกระบอกสูบไม่ต่ำกว่า 2,400 ซีซี หรือกำลังเครื่องยนต์สูงสุดไม่ต่ำกว่า 90 กิโลวัตต์ สำนักงานพัฒนาสังคมและความมั่นคงของมนุษย์จังหวัดนครพนม ตำบลในเมือง อำเภอเมืองนครพนม จังหวัดนครพนม | F13: พมจ.นครพนม | G13: นครพนม | H13: 1 | I13: 0 | J13: =Table47[[#This Row],[ทดแทนจำนวน]]+Table47[[#This Row],[เพิ่มประสิทธิภาพจำนวน]] -> 1 | K13: 1358000
... A176: B000175 | B176: 2569 | C176: ครุภัณฑ์ | D176: สำนักงาน | E176: เครื่องปรับอากาศ แบบแยกส่วน แบบตั้งพื้นหรือแบบแขวน (ระบบ Inverter) ขนาด 36,000 บีทียู สำนักงานส่งเสริมและสนับสนุนวิชาการ 10 ตำบลขุนทะเล อำเภอเมืองสุราษฎร์ธานี จังหวัดสุราษฎร์ธานี | F176: สสว.10 | G176: สุราษฎร์ธานี | H176: 3 | I176: 0 | J176: =Table47[[#This Row],[ทดแทนจำนวน]]+Table47[[#This Row],[เพิ่มประสิทธิภาพจำนวน]] -> 3 | K176: 160800
A177: B000176 | B177: 2570 | C177: ครุภัณฑ์ | D177: ครุภัณฑ์ยานพาหนะและขนส่ง | E177: รถประจำตำแหน่ง ระดับอธิบดี รองปลัดกระทรวง เอกอัครราชทูตประจำกระทรวง ผู้ตรวจราชการกระทรวง รองเลขาธิการนายกรัฐมนตรีฝ่ายการเมือง เลขานุการรัฐมนตรี ผู้ช่วยเลขานุการรัฐมนตรี หรือผู้ดำรงตำแหน่งอื่นที่มีฐานะเทียบเท่า ปริมาตรกระบอกสูบไม่เกิน 2500 ซีซี หรือกำลังเครื่องยนต์สูงสุดไม่เกิน 160 กิโลวัตต์ หรือกำลังมอเตอร์ไฟฟ้าสูงสุดไม่เกิน 329 กิโลวัตต์ | F177: กก. | G177: กรุงเทพมหานคร | H177: 3 | I177: 0 | J177: =Table47[[#This Row],[ทดแทนจำนวน]]+Table47[[#This Row],[เพิ่มประสิทธิภาพจำนวน]] -> 3 | K177: 5028000 | L177: ทดแทนครุภัณฑ์เดิม
A178: B000177 | B178: 2570 | C178: ครุภัณฑ์ | D178: ครุภัณฑ์ยานพาหนะและขนส่ง | E178: รถโดยสารขนาด 12 ที่นั่ง (ดีเซล) ปริมาตรกระบอกสูบ ไม่ต่ำกว่า 2,400 ซีซี หรือกำลังเครื่องยนต์สูงสุดไม่ต่ำกว่า 90 กิโลวัตต์ | F178: กก. | G178: กรุงเทพมหานคร | H178: 2 | I178: 0 | J178: =Table47[[#This Row],[ทดแทนจำนวน]]+Table47[[#This Row],[เพิ่มประสิทธิภาพจำนวน]] -> 2 | K178: 2996000 | L178: ทดแทนครุภัณฑ์เดิม
A179: B000178 | B179: 2570 | C179: ครุภัณฑ์ | D179: ครุภัณฑ์ยานพาหนะและขนส่ง | E179: รถโดยสารขนาด 12 ที่นั่ง (ดีเซล) ปริมาตรกระบอกสูบ ไม่ต่ำกว่า 2,400 ซีซี หรือกำลังเครื่องยนต์สูงสุดไม่ต่ำกว่า 90 กิโลวัตต์ | F179: กก. | G179: กรุงเทพมหานคร | H179: 1 | I179: 0 | J179: =Table47[[#This Row],[ทดแทนจำนวน]]+Table47[[#This Row],[เพิ่มประสิทธิภาพจำนวน]] -> 1 | K179: 1498000 | L179: ทดแทนครุภัณฑ์เดิม
A180: B000179 | B180: 2570 | C180: ครุภัณฑ์ | D180: ครุภัณฑ์สำนักงาน | E180: เครื่องปรับอากาศ แบบติดผนัง ขนาด 18,000 บีทียู | F180: กก. | G180: กรุงเทพมหานคร | H180: 0 | I180: 8 | J180: =Table47[[#This Row],[ทดแทนจำนวน]]+Table47[[#This Row],[เพิ่มประสิทธิภาพจำนวน]] -> 8 | K180: 172000 | L180: เพิ่มประสิทธิภาพ
A181: B000180 | B181: 2570 | C181: ครุภัณฑ์ | D181: ครุภัณฑ์ยานพาหนะและขนส่ง | E181: รถโดยสารขนาด 12 ที่นั่ง (ดีเซล) ปริมาตรกระบอกสูบ ไม่ต่ำกว่า 2,400 ซีซี หรือกำลังเครื่องยนต์สูงสุดไม่ต่ำกว่า 90 กิโลวัตต์ | F181: กคม. | G181: กรุงเทพมหานคร | H181: 1 | I181: 0 | J181: =Table47[[#This Row],[ทดแทนจำนวน]]+Table47[[#This Row],[เพิ่มประสิทธิภาพจำนวน]] -> 1 | K181: 1498000 | L181: ทดแทนครุภัณฑ์เดิม
A182: B000181 | B182: 2570 | C182: ครุภัณฑ์ | D182: ครุภัณฑ์ยานพาหนะและขนส่ง | E182: รถโดยสารขนาด 12 ที่นั่ง (ดีเซล) ปริมาตรกระบอกสูบ ไม่ต่ำกว่า 2,400 ซีซี หรือกำลังเครื่องยนต์สูงสุดไม่ต่ำกว่า 90 กิโลวัตต์ | F182: กคม. | G182: กรุงเทพมหานคร | H182: 1 | I182: 0 | J182: =Table47[[#This Row],[ทดแทนจำนวน]]+Table47[[#This Row],[เพิ่มประสิทธิภาพจำนวน]] -> 1 | K182: 1498000 | L182: ทดแทนครุภัณฑ์เดิม
A183: B000182 | B183: 2570 | C183: ครุภัณฑ์ | D183: ครุภัณฑ์ยานพาหนะและขนส่ง | E183: รถโดยสารขนาด 12 ที่นั่ง (ดีเซล) ปริมาตรกระบอกสูบ ไม่ต่ำกว่า 2,400 ซีซี หรือกำลังเครื่องยนต์สูงสุดไม่ต่ำกว่า 90 กิโลวัตต์ | F183: กคม. | G183: กรุงเทพมหานคร | H183: 1 | I183: 0 | J183: =Table47[[#This Row],[ทดแทนจำนวน]]+Table47[[#This Row],[เพิ่มประสิทธิภาพจำนวน]] -> 1 | K183: 1498000 | L183: ทดแทนครุภัณฑ์เดิม
A184: B000183 | B184: 2570 | C184: ครุภัณฑ์ | D184: ครุภัณฑ์ยานพาหนะและขนส่ง | E184: รถบรรทุก (ดีเซล) ขนาด 1 ตัน ปริมาตรกระบอกสูบ ไม่ต่ำกว่า 2,400 ซีซี หรือกำลังเครื่องยนต์สูงสุดไม่ต่ำกว่า 110 กิโลวัตต์ ขับเคลื่อน 4 ล้อ แบบดับเบิ้ลแค็บ | F184: กคม. | G184: กรุงเทพมหานคร | H184: 1 | I184: 0 | J184: =Table47[[#This Row],[ทดแทนจำนวน]]+Table47[[#This Row],[เพิ่มประสิทธิภาพจำนวน]] -> 1 | K184: 1172000 | L184: ทดแทนครุภัณฑ์เดิม
A185: B000184 | B185: 2570 | C185: ครุภัณฑ์ | D185: ครุภัณฑ์ยานพาหนะและขนส่ง | E185: หลังคารถบรรทุก ขนาด 1 ตัน หลังคาไฟเบอร์กลาสหรือเหล็ก | F185: กคม. | G185: กรุงเทพมหานคร | H185: 1 | I185: 0 | J185: =Table47[[#This Row],[ทดแทนจำนวน]]+Table47[[#This Row],[เพิ่มประสิทธิภาพจำนวน]] -> 1 | K185: 35900 | L185: ทดแทนครุภัณฑ์เดิม
A186: B000185 | B186: 2570 | C186: ครุภัณฑ์ | D186: ครุภัณฑ์งานบ้านงานครัว | E186: เครื่องซักผ้าแบบธรรมดา ขนาด 15 กิโลกรัม | F186: สคม.ปทุมธานี | G186: ปทุมธานี | H186: 3 | I186: 0 | J186: =Table47[[#This Row],[ทดแทนจำนวน]]+Table47[[#This Row],[เพิ่มประสิทธิภาพจำนวน]] -> 3 | K186: 51000 | L186: ทดแทนครุภัณฑ์เดิม
A187: B000186 | B187: 2570 | C187: ครุภัณฑ์ | D187: ครุภัณฑ์งานบ้านงานครัว | E187: เครื่องตัดหญ้าแบบข้อแข็ง | F187: สคม.ปทุมธานี | G187: ปทุมธานี | H187: 0 | I187: 2 | J187: =Table47[[#This Row],[ทดแทนจำนวน]]+Table47[[#This Row],[เพิ่มประสิทธิภาพจำนวน]] -> 2 | K187: 19000 | L187: เพิ่มประสิทธิภาพ
A188: B000187 | B188: 2570 | C188: ครุภัณฑ์ | D188: ครุภัณฑ์งานบ้านงานครัว | E188: ปั๊มน้ำอัตโนมัติ ขนาด 200 วัตต์ | F188: สคม.ปทุมธานี | G188: ปทุมธานี | H188: 0 | I188: 8 | J188: =Table47[[#This Row],[ทดแทนจำนวน]]+Table47[[#This Row],[เพิ่มประสิทธิภาพจำนวน]] -> 8 | K188: 102400 | L188: เพิ่มประสิทธิภาพ
... A630: B000629 | B630: 2570 | C630: ครุภัณฑ์ | D630: ครุภัณฑ์โฆษณาและเผยแพร่ | E630: เครื่องมัลติมีเดียโปรเจคเตอร์ระดับ XGA ขนาด 5,000 ANSI Lumens | F630: สสว.10 | G630: สุราษฎร์ธานี | H630: 1 | I630: 0 | J630: =Table47[[#This Row],[ทดแทนจำนวน]]+Table47[[#This Row],[เพิ่มประสิทธิภาพจำนวน]] -> 1 | K630: 48600 | L630: ทดแทนครุภัณฑ์เดิม

Sheet รวมครุภัณฑ์ 70 (data)
A1: Column1 | B1: Column110 | C1: Column2 | D1: Column3 | E1: Column4 | F1: Column5 | G1: Column6 | H1: Column7 | I1: Column8 | J1: Column9 | K1: Column10 | L1: Column11 | M1: Column12 | N1: Column13 | O1: Column14 | P1: Column15 | Q1: Column16 | R1: Column17 | S1: Column18 | T1: Column19 | U1: Column20
A2: หมวด | B2: ปีงบประมาณ | C2: หมวดย่อย | D2: แผนงาน | E2: โครงการ | F2: กิจกรรม | G2: รายการ | H2: หน่วยงานที่ขอ | J2: จังหวัด | K2: ภาค | L2: คำขอ (บาท) | M2: คำขอ (รวมจำนวน) | N2: คำขอ (หน่วยนับ) | O2: ในมาตรฐาน | P2: นอกมาตรฐาน | Q2: คำขอ ทดแทน จำนวน | R2: คำขอ เพิ่ม ปสภ. จำนวน | S2: เลขครุภัณฑ์ทดแทน | T2: ราคา/หน่วย | U2: เหตุผล/ความจำเป็น
A3: ครุภัณฑ์ | B3: 2570 | C3: ครุภัณฑ์ยานพาหนะและขนส่ง | D3: ยุทธศาสตร์พัฒนาบริการประชาชนและพัฒนาประสิทธิภาพภาครัฐ | E3: ยกระดับองค์กรให้มีผลสัมฤทธิ์สูงสู่การเป็นองค์กรดิจิทัล | F3: พัฒนาองค์กรให้มีผลสัมฤทธิ์สูง | G3: รถประจำตำแหน่ง ระดับอธิบดี รองปลัดกระทรวง เอกอัครราชทูตประจำกระทรวง ผู้ตรวจราชการกระทรวง รองเลขาธิการนายกรัฐมนตรีฝ่ายการเมือง เลขานุการรัฐมนตรี ผู้ช่วยเลขานุการรัฐมนตรี หรือผู้ดำรงตำแหน่งอื่นที่มีฐานะเทียบเท่า ปริมาตรกระบอกสูบไม่เกิน 2500 ซีซี หรือกำลังเครื่องยนต์สูงสุดไม่เกิน 160 กิโลวัตต์ หรือกำลังมอเตอร์ไฟฟ้าสูงสุดไม่เกิน 329 กิโลวัตต์ | H3: กก. | J3: กรุงเทพมหานคร | K3: กลาง | L3: =M3*T3 -> 5028000 | M3: =Q3+R3 -> 3 | N3: คัน | Q3: 3 | S3: พม/สป-สบก(กอก)/05-01-02/001/2557 พม/สป-สบก(กอก)/05-01-02/002/2557 พม/สป-สบก(กอก)/05-01-02/003/2557 | T3: 1676000 | U3: ทดแทนหมายเลข พม/สป-สบก(กอก)/05-01-02/001/2557 พม/สป-สบก(กอก)/05-01-02/002/2557 พม/สป-สบก(กอก)/05-01-02/003/2557 ซึ่งมีอายุการใช้งาน 11 ปี หมดสภาพการใช้งาน ไม่สามารถใช้งานได้
A4: ครุภัณฑ์ | B4: 2570 | C4: ครุภัณฑ์ยานพาหนะและขนส่ง | D4: ยุทธศาสตร์พัฒนาบริการประชาชนและพัฒนาประสิทธิภาพภาครัฐ | E4: ยกระดับองค์กรให้มีผลสัมฤทธิ์สูงสู่การเป็นองค์กรดิจิทัล | F4: พัฒนาองค์กรให้มีผลสัมฤทธิ์สูง | G4: รถโดยสารขนาด 12 ที่นั่ง (ดีเซล) ปริมาตรกระบอกสูบ ไม่ต่ำกว่า 2,400 ซีซี หรือกำลังเครื่องยนต์สูงสุดไม่ต่ำกว่า 90 กิโลวัตต์ | H4: กก. | J4: กรุงเทพมหานคร | K4: กลาง | L4: =M4*T4 -> 2996000 | M4: =Q4+R4 -> 2 | N4: คัน | P4: P | Q4: 2 | S4: พม/สป-สบก(กอก)/05-01-03/002/2550 และ พม/สป-สบก(กอก)/05-01-03/003/2550 | T4: 1498000 | U4: ทดแทนหมายเลข พม/สป-สบก(กอก)/05-01-03/002/2550 และ พม/สป-สบก(กอก)/05-01-03/003/2550 ซึ่งมีอายุการใช้งาน 18 ปี หมดสภาพการใช้งาน อาจได้รับอันตรายกับเจ้าหน้าที่หากต้องเดินทางไปต่างจังหวัด และส่วนใหญ่ใช้ในการเดินทางไปราชการต่างจังหวัด
A5: ครุภัณฑ์ | B5: 2570 | C5: ครุภัณฑ์ยานพาหนะและขนส่ง | D5: ยุทธศาสตร์พัฒนาบริการประชาชนและพัฒนาประสิทธิภาพภาครัฐ | E5: ยกระดับองค์กรให้มีผลสัมฤทธิ์สูงสู่การเป็นองค์กรดิจิทัล | F5: พัฒนาองค์กรให้มีผลสัมฤทธิ์สูง | G5: รถโดยสารขนาด 12 ที่นั่ง (ดีเซล) ปริมาตรกระบอกสูบ ไม่ต่ำกว่า 2,400 ซีซี หรือกำลังเครื่องยนต์สูงสุดไม่ต่ำกว่า 90 กิโลวัตต์ | H5: กก. | J5: กรุงเทพมหานคร | K5: กลาง | L5: =M5*T5 -> 1498000 | M5: =Q5+R5 -> 1 | N5: คัน | P5: P | Q5: 1 | S5: พส/05-01-03/001/2549 | T5: 1498000 | U5: เนื่องจากรถยนต์ มีอายุการใช้งานนานกว่า 18 ปี วิ่งไปมากกว่า 500,000 กิโลเมตร มีอาการเสียระหว่างการเดินทางไปราชการบ่อย อะไหล่รถยนต์หายากไม่มีในประเทศไทย ทำให้รอตอนเวลาซ่อมนานไม่คุ้มกับค่าซ่อมแซม
A6: ครุภัณฑ์ | B6: 2570 | C6: ครุภัณฑ์สำนักงาน | D6: ยุทธศาสตร์พัฒนาบริการประชาชนและพัฒนาประสิทธิภาพภาครัฐ | E6: ยกระดับองค์กรให้มีผลสัมฤทธิ์สูงสู่การเป็นองค์กรดิจิทัล | F6: พัฒนาองค์กรให้มีผลสัมฤทธิ์สูง | G6: เครื่องปรับอากาศ แบบติดผนัง ขนาด 18,000 บีทียู | H6: กก. | J6: กรุงเทพมหานคร | K6: กลาง | L6: =M6*T6 -> 172000 | M6: =Q6+R6 -> 8 | N6: เครื่อง | O6: P | R6: 8 | T6: 21500 | U6: เนื่องจากเครื่องปรับอากาศ มีอายุการใช้งานนานกว่า 10 ปี หมดสภาพการใช้งาน ไม่คุ้มกับค่าซ่อมแซม เมื่อเปิดใช้งานในบางวันจะมีน้ำหยดออกมา มีแต่ลมร้อนออกจากตัวเครื่องปรับอากาศ
A7: ครุภัณฑ์ | B7: 2570 | C7: ครุภัณฑ์ยานพาหนะและขนส่ง | D7: ยุทธศาสตร์จัดการปัญหาแรงงานต่างด้าวและการค้ามนุษย์ | E7: ป้องกันและแก้ไขปัญหาการค้ามนุษย์ | F7: เพิ่มประสิทธิภาพระบบการคุ้มครองช่วยเหลือผู้เสียหายตาม กฏหมายและสอดคล้องกับหลักการสากล | G7: รถโดยสารขนาด 12 ที่นั่ง (ดีเซล) ปริมาตรกระบอกสูบ ไม่ต่ำกว่า 2,400 ซีซี หรือกำลังเครื่องยนต์สูงสุดไม่ต่ำกว่า 90 กิโลวัตต์ | H7: กคม. | J7: กรุงเทพมหานคร | K7: กลาง | L7: 1498000 | M7: 1 | N7: คัน | P7: P | Q7: 1 | S7: พส/สปป/05-01-03/007/2549 100000017855 | T7: 1498000 | U7: ขอทดแทน เนื่องจากรถมีอายุการใช้งานมาแล้ว 21 ปี ซึ่งไม่คุ้มค่ากัยการซ่อมแซมและบำรุงรักษา โดยใช้ในการปฏิบัติงาน ในภารกิจการคัดแยกผู้เสียหายจากการค้ามนุษย์ การติดตามเยี่ยมบ้านของผู้เสียหายรวมถึงเข้าร่วมภารกิจ เพื่อสนับสนุนกับทีมสหวิชาชีพให้การคุ้มครองช่วยเหลือในกรุงเทพฯ และต่างจังหวัดที่เกิดสถานการณ์
A8: ครุภัณฑ์ | B8: 2570 | C8: ครุภัณฑ์ยานพาหนะและขนส่ง | D8: ยุทธศาสตร์จัดการปัญหาแรงงานต่างด้าวและการค้ามนุษย์ | E8: ป้องกันและแก้ไขปัญหาการค้ามนุษย์ | F8: เพิ่มประสิทธิภาพระบบการคุ้มครองช่วยเหลือผู้เสียหายตาม กฏหมายและสอดคล้องกับหลักการสากล | G8: รถโดยสารขนาด 12 ที่นั่ง (ดีเซล) ปริมาตรกระบอกสูบ ไม่ต่ำกว่า 2,400 ซีซี หรือกำลังเครื่องยนต์สูงสุดไม่ต่ำกว่า 90 กิโลวัตต์ | H8: กคม. | J8: กรุงเทพมหานคร | K8: กลาง | L8: 1498000 | M8: 1 | N8: คัน | P8: P | Q8: 1 | S8: พส/สปป-สนย05-01-03/001/2552 100000008044 | T8: 1498000 | U8: ขอทดแทน เนื่องจากรถมีอายุการใช้งานมาแล้ว 18 ปี ซึ่งไม่คุ้มค่ากับการซ่อมแซมและบำรุงรักษา โดยใช้ในการปฏิบัติงาน ในภารกิจการคัดแยกผู้เสียหายจากการค้ามนุษย์ การติดตามเยี่ยมบ้านของผู้เสียหายรวมถึงเข้าร่วมภารกิจสนับสนุนกับทีมสหวิชาชีพให้การคุ้มครองช่วยเหลือในกรุงเทพฯ และต่างจังหวัดที่เกิดสถานการณ์
A9: ครุภัณฑ์ | B9: 2570 | C9: ครุภัณฑ์ยานพาหนะและขนส่ง | D9: ยุทธศาสตร์จัดการปัญหาแรงงานต่างด้าวและการค้ามนุษย์ | E9: ป้องกันและแก้ไขปัญหาการค้ามนุษย์ | F9: เพิ่มประสิทธิภาพระบบการคุ้มครองช่วยเหลือผู้เสียหายตาม กฏหมายและสอดคล้องกับหลักการสากล | G9: รถโดยสารขนาด 12 ที่นั่ง (ดีเซล) ปริมาตรกระบอกสูบ ไม่ต่ำกว่า 2,400 ซีซี หรือกำลังเครื่องยนต์สูงสุดไม่ต่ำกว่า 90 กิโลวัตต์ | H9: กคม. | J9: กรุงเทพมหานคร | K9: กลาง | L9: 1498000 | M9: 1 | N9: คัน | P9: P | Q9: 1 | S9: พส/สปป/05-01-03/001/2554 100000017874 | T9: 1498000 | U9: ขอทดแทน เนื่องจากรถมีอายุการใช้งานมาแล้ว 16 ปี ซึ่งไม่คุ้มค่ากับการซ่อมแซมและบำรุงรักษา โดยใช้ในการปฏิบัติงานในภารกิจการคัดแยกผู้เสียหายจากการค้ามนุษย์ การติดตามเยี่ยมบ้านของผู้เสียหายรวมถึงเข้าร่วมภารกิจสนับสนุนกับทีมสหวิชาชีพให้การคุ้มครองช่วยเหลือในกรุงเทพฯ และต่างจังหวัดที่เกิดสถานการณ์
A10: ครุภัณฑ์ | B10: 2570 | C10: ครุภัณฑ์ยานพาหนะและขนส่ง | D10: ยุทธศาสตร์จัดการปัญหาแรงงานต่างด้าวและการค้ามนุษย์ | E10: ป้องกันและแก้ไขปัญหาการค้ามนุษย์ | F10: เพิ่มประสิทธิภาพระบบการคุ้มครองช่วยเหลือผู้เสียหายตาม กฏหมายและสอดคล้องกับหลักการสากล | G10: รถบรรทุก (ดีเซล) ขนาด 1 ตัน ปริมาตรกระบอกสูบ ไม่ต่ำกว่า 2,400 ซีซี หรือกำลังเครื่องยนต์สูงสุดไม่ต่ำกว่า 110 กิโลวัตต์ ขับเคลื่อน 4 ล้อ แบบดับเบิ้ลแค็บ | H10: กคม. | J10: กรุงเทพมหานคร | K10: กลาง | L10: 1172000 | M10: 1 | N10: คัน | O10: P | Q10: 1 | S10: พส/สปป/05-01-04/001/2552 100000017872 | T10: 1172000 | U10: ขอทดแทน เนื่องจากรถมีอายุการใช้งานมาแล้ว 18 ปี ซึ่งไม่คุ้มค่ากับการซ่อมแซมและบำรุงรักษา โดยใช้ในการปฏิบัติงานในภารกิจการคัดแยกผู้เสียหายจากการค้ามนุษย์ การติดตามเยี่ยมบ้านของผู้เสียหายรวมถึงเข้าร่วมภารกิจสนับสนุนกับทีมสหวิชาชีพให้การคุ้มครองช่วยเหลือในกรุงเทพฯ และต่างจังหวัดที่เกิดสถานการณ์ ซึ่งมีพื้นที่ราบสูงและทุรกันดาร
A11: ครุภัณฑ์ | B11: 2570 | C11: ครุภัณฑ์ยานพาหนะและขนส่ง | D11: ยุทธศาสตร์จัดการปัญหาแรงงานต่างด้าวและการค้ามนุษย์ | E11: ป้องกันและแก้ไขปัญหาการค้ามนุษย์ | F11: เพิ่มประสิทธิภาพระบบการคุ้มครองช่วยเหลือผู้เสียหายตาม กฏหมายและสอดคล้องกับหลักการสากล | G11: หลังคารถบรรทุก ขนาด 1 ตัน หลังคาไฟเบอร์กลาสหรือเหล็ก | H11: กคม. | J11: กรุงเทพมหานคร | K11: กลาง | L11: 35900 | M11: 1 | N11: หลัง | O11: P | Q11: 1 | S11: 100000017871 | T11: 35900 | U11: ขอทดแทน เนื่องจากเป็นหลังคาที่ติดตั้งกับรถบรรทุก ขนาด 1 ตัน ซึ่งมีอายุการใช้งานมาแล้ว 18 ปี และเสื่อมสภาพจากการใช้งาน
A12: ครุภัณฑ์ | B12: 2570 | C12: ครุภัณฑ์งานบ้านงานครัว | D12: ยุทธศาสตร์จัดการปัญหาแรงงานต่างด้าวและการค้ามนุษย์ | E12: ป้องกันและแก้ไขปัญหาการค้ามนุษย์ | F12: เพิ่มประสิทธิภาพระบบการคุ้มครองช่วยเหลือผู้เสียหายตาม กฏหมายและสอดคล้องกับหลักการสากล | G12: เครื่องซักผ้าแบบธรรมดา ขนาด 15 กิโลกรัม | H12: สคม.ปทุมธานี | J12: ปทุมธานี | K12: กลาง | L12: 51000 | M12: 3 | N12: เครื่อง | O12: P | Q12: 3 | S12: เลขหลัก GFMIS 100000022059 100000022060 100000022061 | T12: 17000 | U12: ขอทดแทน เนื่องจากหน่วยงานมีความจำเป็นต้องใช้เครื่องซักผ้า สำหรับซักทำความสะอาดเสื้อผ้า เครื่องนอน ของผู้เสียหายที่อยู่ภายในสถานคุ้มครอง ซึ่งมีความต้องการใช้เป็นประจำทุกวัน เพื่อรักษาความสะอาดและสุขอนามัยที่เหมาะสม
A13: ครุภัณฑ์ | B13: 2570 | C13: ครุภัณฑ์งานบ้านงานครัว | D13: ยุทธศาสตร์จัดการปัญหาแรงงานต่างด้าวและการค้ามนุษย์ | E13: ป้องกันและแก้ไขปัญหาการค้ามนุษย์ | F13: เพิ่มประสิทธิภาพระบบการคุ้มครองช่วยเหลือผู้เสียหายตาม กฏหมายและสอดคล้องกับหลักการสากล | G13: เครื่องตัดหญ้าแบบข้อแข็ง | H13: สคม.ปทุมธานี | J13: ปทุมธานี | K13: กลาง | L13: 19000 | M13: 2 | N13: เครื่อง | O13: P | T13: 9500 | U13: ขอเพิ่มประสิทธิภาพ เนื่องจากหน่วยงานมีภารกิจในการดูแลพื้นที่ภายในสถานที่ราชการ ซึ่งมีบริเวณกว้างและมีหญ้าขึ้นเป็นจำนวนมาก จำเป็นต้องมีการตัดแต่งและบำรุงรักษาอย่างต่อเนื่อง เพื่อให้สถานที่มีความสะอาด เป็นระเบียบเรียบร้อย และเกิดภาพลักษณ์ที่เหมาะสมกับการเป็นสถานที่ราชการ ปัจจุบัน หน่วยงานมีเครื่องตัดหญ้าไม่เพียงพอต่อการใช้งานจริง ส่งผลให้การดูแลพื้นที่โดยรอบไม่ทั่วถึงและล่าช้า เพื่อให้การบำรุงรักษาความสะอาดของบริเวณสถานที่ราชการเป็นไปอย่างต่อเนื่อง และสามารถดำเนินการได้อย่างมีประสิทธิภาพ
A14: ครุภัณฑ์ | B14: 2570 | C14: ครุภัณฑ์งานบ้านงานครัว | D14: ยุทธศาสตร์จัดการปัญหาแรงงานต่างด้าวและการค้ามนุษย์ | E14: ป้องกันและแก้ไขปัญหาการค้ามนุษย์ | F14: เพิ่มประสิทธิภาพระบบการคุ้มครองช่วยเหลือผู้เสียหายตาม กฏหมายและสอดคล้องกับหลักการสากล | G14: ปั๊มน้ำอัตโนมัติ ขนาด 200 วัตต์ | H14: สคม.ปทุมธานี | J14: ปทุมธานี | K14: กลาง | L14: 102400 | M14: 8 | N14: เครื่อง | P14: P | R14: 8 | T14: 12800 | U14: ขอเพิ่มประสิทธิภาพ เนื่องจากหน่วยงานมีความจำเป็นต้องใช้น้ำเพื่ออุปโภคและบริโภคในหลายส่วน ทั้งในส่วนของผู้เสียหายที่พักอาศัยอยู่ภายในสถานที่ เจ้าหน้าที่ผู้ปฏิบัติงาน ตลอดจนประชาชนที่มาติดต่อราชการ โดยมีการใช้น้ำในปริมาณมากและอย่างต่อเนื่องทุกวัน อย่างไรก็ตาม หน่วยงานยังไม่เคยได้รับการจัดสรรปั๊มน้ำ มาก่อน ส่งผลให้การจ่ายน้ำไม่เพียงพอต่อความต้องการ โดยเฉพาะในช่วงเวลาที่มีการใช้น้ำพร้อมกันหลายจุด ซึ่งทำให้แรงดันน้ำลดลง ไม่สามารถส่งน้ำขึ้นถังเก็บน้ำได้ทั่วถึง และอาจกระทบต่อความเป็นอยู่ของผู้เสียหายรวมถึงประสิทธิภาพในการดำเนินงานของเจ้าหน้าที่
A15: ครุภัณฑ์ | B15: 2570 | C15: ครุภัณฑ์สำนักงาน | D15: ยุทธศาสตร์จัดการปัญหาแรงงานต่างด้าวและการค้ามนุษย์ | E15: ป้องกันและแก้ไขปัญหาการค้ามนุษย์ | F15: เพิ่มประสิทธิภาพระบบการคุ้มครองช่วยเหลือผู้เสียหายตาม กฏหมายและสอดคล้องกับหลักการสากล | G15: เครื่องปรับอากาศ แบบแยกส่วน แบบตั้งพื้นหรือแบบแขวน ระบบ (Inverter) ขนาด 30,000 บีทียู | H15: สคม.ปทุมธานี | J15: ปทุมธานี | K15: กลาง | L15: 236000 | M15: 5 | N15: เครื่อง | O15: P | Q15: 5 | S15: พส/สปป-04/04-07-01/02/2554 , พส/สปป-04/04-07-01/03/2554, พส/สปป-04/04-07-01/01/2557 , พส/สปป-04/04-07-01/02/2557 , พส/สปป-04/04-07-01/03/2557 | T15: 47200 | U15: ขอทดแทน 1. ห้องประชุมอาคาร 16 จำนวน 2 เครื่อง (ใช้จัดประชุมประจำเดือน และต้อนรับหน่วยงานต่างๆ รวมถึงคณะผู้มาเยี่ยมเยียน) 2. อาคารศูนย์ปฏิบัติการ จำนวน 2 เครื่อง (ใช้จัดงานต้อนรับ หรือต้อนรับแขกผู้มาติดต่อจากหน่วยงานภายนอก) 3. อาคาร 20 ชั้น 1 กลุ่มส่งเสริมและพัฒนา 1 เครื่อง
A16: ครุภัณฑ์ | B16: 2570 | C16: ครุภัณฑ์ยานพาหนะและขนส่ง | D16: ยุทธศาสตร์จัดการปัญหาแรงงานต่างด้าวและการค้ามนุษย์ | E16: ป้องกันและแก้ไขปัญหาการค้ามนุษย์ | F16: เพิ่มประสิทธิภาพระบบการคุ้มครองช่วยเหลือผู้เสียหายตาม กฏหมายและสอดคล้องกับหลักการสากล | G16: รถยนต์โดยสารขนาด 12 ที่นั่ง เครื่องยนต์ดีเซล ปริมาณกระบอกสูบไม่ต่ำกว่า 2,400 ซีซี หรือกำลังเครื่องยนต์สูงสุดไม่ต่ำกว่า 90 กิโลวัตต์ | H16: สคม.ปทุมธานี | J16: ปทุมธานี | K16: กลาง | L16: 1329000 | M16: 1 | N16: คัน | P16: P | Q16: 1 | S16: พส/สปป-04/5-01-03/01/2554(100000019486) ทะเบียน นค 5006 ปทุมธานี | T16: 1329000 | U16: ขอทดแทน เนื่องจากหน่วยงานมีความจำเป็นต้องใช้รถยนต์โดยสารขนาด 12 ที่นั่ง ในการรับ-ส่งผู้เสียหายฯไปสืบพยานที่ศาล ไปโรงพยาบาล ติดตามเยี่ยมบ้านผู้เสียหายฯ ภายในประเทศเป็นประจำทุกเดือนและส่งกลับภูมิลำเนา ซึ่งบางกรณีต้องเดินทางไปส่งยังประเทศต้นทาง ตามด่านชายแดนจังหวัดต่างๆ เยี่ยมเยียนผู้เสียหายที่ออกไปทำงานภายนอก ตลอดจนการติดต่อประสานงานกับหน่วยงานอื่นที่เกี่ยวข้อง
A17: ครุภัณฑ์ | B17: 2570 | C17: ครุภัณฑ์โฆษณาและเผยแพร่ | D17: ยุทธศาสตร์จัดการปัญหาแรงงานต่างด้าวและการค้ามนุษย์ | E17: ป้องกันและแก้ไขปัญหาการค้ามนุษย์ | F17: เพิ่มประสิทธิภาพระบบการคุ้มครองช่วยเหลือผู้เสียหายตาม กฏหมายและสอดคล้องกับหลักการสากล | G17: กล้องถ่ายภาพนิ่งระบบดิจิตอล | H17: สคม.เชียงราย | J17: เชียงราย | K17: เหนือ | L17: 39900 | M17: 1 | N17: เครื่อง | P17: P | R17: 1 | T17: 39900 | U17: ขอเพิ่มประสิทธิภาพ 1 เครื่อง เนื่องจากของเดิมเริ่มชำรุดจากอายุการใช้งาน 10 ปี ไม่เพียงพอต่อการใช้งาน ใช้ประโยชน์ในการบันทึกภาพประชาสัมพันธ์ภารกิจหน่วยงาน และบันทึกภาพผู้เสียหายในการทำประวัติ ทำกิจกรรมภายนอก
A18: ครุภัณฑ์ | B18: 2570 | C18: ครุภัณฑ์ยานพาหนะและขนส่ง | D18: ยุทธศาสตร์จัดการปัญหาแรงงานต่างด้าวและการค้ามนุษย์ | E18: ป้องกันและแก้ไขปัญหาการค้ามนุษย์ | F18: เพิ่มประสิทธิภาพระบบการคุ้มครองช่วยเหลือผู้เสียหายตาม กฏหมายและสอดคล้องกับหลักการสากล | G18: รถบรรทุก (ดีเซล) ขนาด 1 ตัน ปริมาตรกระบอกสูบไม่ต่ำกว่า 2400 ซีซี หรือกำลังขับเครื่องยนต์สูงสุดไม่ต่ำกว่า 110 กิโลวัตต์ ขับเคลื่อน 4 ล้อ แบบดับเบิ้ลแค็บ พร้อมหลังคาไฟเบอร์กลาสหรือเหล็ก | H18: สคม.เชียงราย | J18: เชียงราย | K18: เหนือ | L18: 1207900 | M18: 1 | N18: คัน | O18: P | Q18: 1 | S18: 100000018051 | T18: 1207900 | U18: ขอทดแทนหมายเลข 100000018051 จัดซื้อปี พ.ศ. 2552 มีอายุการใช้งาน 18 ปี ซ่อมแซมบ่อย ใช้งบประมาณในการซ่อมแซมจำนวนมาก ใช้ประโยชน์ในการรับ - ส่ง ผู้ใช้บริการในการทำงาน ทำกิจกรรมภายนอก ออกไปรักษาพยาบาล และรับ - ส่ง เจ้าหน้าที่ออกปฏิบัติภารกิจของหน่วยงานและสนับสนุนภารกิจตามนโยบาย
A19: ครุภัณฑ์ | B19: 2570 | C19: ครุภัณฑ์ยานพาหนะและขนส่ง | D19: ยุทธศาสตร์จัดการปัญหาแรงงานต่างด้าวและการค้ามนุษย์ | E19: ป้องกันและแก้ไขปัญหาการค้ามนุษย์ | F19: เพิ่มประสิทธิภาพระบบการคุ้มครองช่วยเหลือผู้เสียหายตาม กฏหมายและสอดคล้องกับหลักการสากล | G19: รถยนต์ 12 ที่นั่ง เครื่องยนต์ดีเซล ปริมาตรกระบอกสูบ ไม่ต่ำกว่า 2400 ซีซี กำลังเครื่องยนต์สูงสุดไม่ต่ำกว่า 90 กิโลวัตต์ | H19: สคม.เชียงราย | J19: เชียงราย | K19: เหนือ | L19: 1500000 | M19: 1 | N19: คัน | P19: P | Q19: 1 | S19: 100000018050 | T19: 1500000 | U19: ขอทดแทนหมายเลข 100000018050 จัดซื้อปีพ.ศ. 2552 มีอายุการใช้งาน 18 ปี ซ่อมแซมบ่อย ใช้งบประมาณในการซ่อมแซมจำนวนมาก ใช้ประโยชน์ในการรับ - ส่ง ผู้ใช้บริการในการทำงาน ทำกิจกรรมภายนอก ออกไปรักษาพยาบาล และรับ - ส่ง เจ้าหน้าที่ออกปฏิบัติภารกิจของหน่วยงานและสนับสนุนภารกิจตามนโยบาย
A20: ครุภัณฑ์ | B20: 2570 | C20: ครุภัณฑ์งานบ้านงานครัว | D20: ยุทธศาสตร์จัดการปัญหาแรงงานต่างด้าวและการค้ามนุษย์ | E20: ป้องกันและแก้ไขปัญหาการค้ามนุษย์ | F20: เพิ่มประสิทธิภาพระบบการคุ้มครองช่วยเหลือผู้เสียหายตาม กฏหมายและสอดคล้องกับหลักการสากล | G20: ตู้เย็น ขนาด 7 คิวบิกฟุต | H20: สคม.เชียงราย | J20: เชียงราย | K20: เหนือ | L20: 8500 | M20: 1 | N20: ตู้ | O20: P | Q20: 1 | S20: 100000021364 | T20: 8500 | U20: ขอทดแทนหมายเลข 100000021364 จัดซื้อปีพ.ศ. 2558 ซึ่งมีอายุการใช้งาน 10 ปี หมดสภาพการใช้งาน ใช้ประโยชน์ให้ผู้เสียหายแช่ของไว้สำหรับบริโภค เช่น น้ำดื่ม นม อาหาร
A21: ครุภัณฑ์ | B21: 2570 | C21: ครุภัณฑ์งานบ้านงานครัว | D21: ยุทธศาสตร์จัดการปัญหาแรงงานต่างด้าวและการค้ามนุษย์ | E21: ป้องกันและแก้ไขปัญหาการค้ามนุษย์ | F21: เพิ่มประสิทธิภาพระบบการคุ้มครองช่วยเหลือผู้เสียหายตาม กฏหมายและสอดคล้องกับหลักการสากล | G21: เตาเผาขยะ | H21: สคม.เชียงราย | J21: เชียงราย | K21: เหนือ | L21: 192600 | M21: 1 | N21: เตา | P21: P | R21: 1 | T21: 192600 | U21: ขอเพิ่มประสิทธิภาพ 1 เตา เนื่องจากพื้นที่ตั้งสถานคุ้มครองฯ อย่ในเขตเทศบาลซึ่งไม่มีบริการจัดการขยะ ที่ผ่านมาดำเนินการจัดการขยะด้วยตนเอง และมีการคัดแยกขยะนำไปบริจาคในโครงการขยะฮอมบุญของจังหวัด แต่ยังมีขยะบางประเภทที่ไม่สามารถนำไปบริจาคได้ เช่นถุงขนม ถุงพลาสติก กล่องพลาสติกใส จึงกำจัดเองโดยใช้วิธีเผา ทำให้เกิดควันและเป็นพิษต่อสิ่งแวดล้อมและคุณภาพชีวิต ขอจัดซื้อเตาเผาขยะไร้มลพิษเพื่อเป็นการจัดระบบการกำจัดขยะมูลฝอย อย่างมีประสิทธิภาพ กำจัดขยะให้ถูกต้องตามหลักสุขาภิบาล ลดปัญหาด้านสิ่งแวดล้อม พร้อมทั้งให้คุณภาพสิ่งแวดล้อมและคุณภาพชีวิตของผู้ใช้บริการและบุคลากรดีขึ้น
A22: ครุภัณฑ์ | B22: 2570 | C22: ครุภัณฑ์สำนักงาน | D22: ยุทธศาสตร์จัดการปัญหาแรงงานต่างด้าวและการค้ามนุษย์ | E22: ป้องกันและแก้ไขปัญหาการค้ามนุษย์ | F22: เพิ่มประสิทธิภาพระบบการคุ้มครองช่วยเหลือผู้เสียหายตาม กฏหมายและสอดคล้องกับหลักการสากล | G22: ถังดับเพลิง ชนิดผงเคมีแห้ง ขนาด 15 ปอนด์ | H22: สคม.ระนอง | J22: ระนอง | K22: ใต้ | L22: 40800 | M22: 24 | N22: ถัง | P22: P | Q22: 24 | S22: 1. พส/สปป-03/04-09-32/04-06/2557 (3 ถัง) 2. สปพม/กคม-03/04-09-32/06-10/2558 (5 ถัง) 3. พม/สคม-รน/04-09-52/001/2559 (100000021034#1-4) (4 ถัง) 4. พม/สคม-รน/04-09-52/002/2559 (100000021036#1-4) (4 ถัง) 5. พม/สคม-รน/04-09-52/003/2559 (100000021042#1-8) (8 ถัง) | T22: 1700 | U22: ขอทดแทน เนื่องจากถังดับเพลิงของเดิมมีอายุการใช้งานเกิน 10 ปี อุปกรณ์บางส่วนภายในถังชำรุด เข็มวัดคลาดเคลื่อน ทำให้ไม่มีประสิทธิภาพในการใช้ดับเพลิง ปัจจุบันถังดับเพลิงติดตั้งที่อาคารเรือนนอน ชั้น1 จำนวน 3 ถัง ชั้น 2 จำนวน 3 ถัง อาคารโรงอาหาร จำนวน 3 ถังอาคารพยาบาล จำนวน 1 ถัง อาคารฝึกอาชีพ จำนวน 2 ถัง ศูนย์การเรียนรู้ จำนวน 1 ถัง อาคารอเนกประสงค์ จำนวน 1 ถัง อาคารโรงเก็บพัสดุ จำนวน 1 ถัง บ้านพักข้าราชการ จำนวน 1 ถัง อาคารพักอาศัย 4 ชั้น จำนวน 8 ถัง (ถังชำรุดไม่สามารถใช้งานจำนวน 4 ถัง และกำลังจะจำหน่ายในปี 2568 ทำให้ไม่เพียงพอกับขนาดพื้นที่ในการระงับเหตุ)
A23: ครุภัณฑ์ | B23: 2570 | C23: ครุภัณฑ์สำนักงาน | D23: ยุทธศาสตร์จัดการปัญหาแรงงานต่างด้าวและการค้ามนุษย์ | E23: ป้องกันและแก้ไขปัญหาการค้ามนุษย์ | F23: เพิ่มประสิทธิภาพระบบการคุ้มครองช่วยเหลือผู้เสียหายตาม กฏหมายและสอดคล้องกับหลักการสากล | G23: พัดลมติดผนัง ขนาด 18 นิ้ว | H23: สคม.ระนอง | J23: ระนอง | K23: ใต้ | L23: 34200 | M23: 18 | N23: ตัว | P23: P | R23: 18 | T23: 1900 | U23: ขอเพิ่มประสิทธิภาพ สำหรับใช้ติดตั้งในอาคารเรือนนอน 2 ชั้น 1 อาคาร ติดตั้งชั้น 1 จำนวน 9 ตัว ติดตั้งชั้น 2 จำนวน 9 ตัว เพื่อรองรับการให้บริการแก่ผู้รับการคุ้มครอง จำนวน 40 คน
A24: ครุภัณฑ์ | B24: 2570 | C24: ครุภัณฑ์สำนักงาน | D24: ยุทธศาสตร์จัดการปัญหาแรงงานต่างด้าวและการค้ามนุษย์ | E24: ป้องกันและแก้ไขปัญหาการค้ามนุษย์ | F24: เพิ่มประสิทธิภาพระบบการคุ้มครองช่วยเหลือผู้เสียหายตาม กฏหมายและสอดคล้องกับหลักการสากล | G24: โต๊ะทำงานพร้อมเก้าอี้ระดับ 7-9 | H24: สคม.ระนอง | J24: ระนอง | K24: ใต้ | L24: 24000 | M24: 1 | N24: ชุด | P24: P | Q24: 1 | S24: พส/สปป-03/04-02-03/01/2552 (100000017791) | T24: 24000 | U24: ขอทดแทน เนื่องจากของเดิมมีอายุการใช้งานเกิน 15 ปี ชำรุดเสื่อมสภาพตามอายุการใช้งานไม่สามารถซ่อมแซมได้
A25: ครุภัณฑ์ | B25: 2570 | C25: ครุภัณฑ์ยานพาหนะและขนส่ง | D25: ยุทธศาสตร์จัดการปัญหาแรงงานต่างด้าวและการค้ามนุษย์ | E25: ป้องกันและแก้ไขปัญหาการค้ามนุษย์ | F25: เพิ่มประสิทธิภาพระบบการคุ้มครองช่วยเหลือผู้เสียหายตาม กฏหมายและสอดคล้องกับหลักการสากล | G25: รถโดยสารขนาด 12 ที่นั่ง (ดีเซล) ปริมาตรกระบอกสูบไม่ต่ำกว่า 2,400 ซีซี หรือกำลังเครื่องยนต์สูงสุดไม่ต่ำกว่า 90 กิโลวัตต์ | H25: สคม.ระนอง | J25: ระนอง | K25: ใต้ | L25: 1450000 | M25: 1 | N25: คัน | P25: P | Q25: 1 | S25: พส/สปป-03/05-01-03/01/2552 รหัสสินทรัพย์ 100000018053 | T25: 1,450,000 | U25: ขอทดแทน เนื่องจากรถเดิมมีอายุการใช้งานเกิน 15 ปี ไม่เหมาะแก่การใช้โดยสารทางไกล ทั้งนี้ หน่วยงานมีภารกิจในการนำผู้รับการคุ้มครองไปสืบพยานในชั้นศาล นำไปและขอรับบริการการอยู่ในราชอาณาจักรและการส่งกลับ ทั้งในจังหวัด และต่างจังหวัด และใช้ขนส่งไปรับการรักษาที่โรงพยาบาลและทำกิจกรรมนอกสถานที่
A26: ครุภัณฑ์ | B26: 2570 | C26: ครุภัณฑ์งานบ้านงานครัว | D26: ยุทธศาสตร์จัดการปัญหาแรงงานต่างด้าวและการค้ามนุษย์ | E26: ป้องกันและแก้ไขปัญหาการค้ามนุษย์ | F26: เพิ่มประสิทธิภาพระบบการคุ้มครองช่วยเหลือผู้เสียหายตาม กฏหมายและสอดคล้องกับหลักการสากล | G26: ตู้เย็น ขนาด 20 คิวบิตฟุต | H26: สคม.ระนอง | J26: ระนอง | K26: ใต้ | L26: 26000 | M26: 1 | N26: ตู้ | P26: P | Q26: 1 | S26: พส/สปป-03/15-02-01/03/2556 รหัสสินทรัพย์ 100000019170 | T26: 26,000 | U26: ขอทดแทน เนื่องจากของเดิมมีอายุการใช้งานเกิน 10 ปี สภาพชำรุดไม่สามารถซ่อมแซมได้ และหน่วยงานต้องเก็บรักษาวัตถุดิบเพื่อประกอบอาหารให้กับผู้รับการคุ้มครอง จึงมีความจำเป็นต้องใช้ตู้เย็นในการเก็บถนอมอาหาร
A27: ครุภัณฑ์ | B27: 2570 | C27: ครุภัณฑ์ยานพาหนะและขนส่ง | D27: ยุทธศาสตร์จัดการปัญหาแรงงานต่างด้าวและการค้ามนุษย์ | E27: ป้องกันและแก้ไขปัญหาการค้ามนุษย์ | F27: เพิ่มประสิทธิภาพระบบการคุ้มครองช่วยเหลือผู้เสียหายตาม กฏหมายและสอดคล้องกับหลักการสากล | G27: รถบรรทุก (ดีเซล) ขนาด 1 ตัน ปริมาตรกระบอกสูบไม่ต่ำกว่า 2,400 ซีซี หรือกำลังเครื่องยนต์สูงสุดไม่ต่ำกว่า 110 กิโลวัตต์ ขับเคลื่อน 4 ล้อ แบบดับเบิ้ลแค็บ | H27: สคม.สงขลา | J27: สงขลา | K27: ใต้ | L27: 1172000 | M27: 1 | N27: คัน | O27: P | Q27: 1 | S27: 100000018059 พม/สปป/05-01-04/001/2552 | T27: 1172000 | U27: ขอทดแทน เนื่องจากมีภารกิจในการคุ้มครองช่วยเหลือผู้เสียหายจากการค้ามนุษย์ ซึ่งมีการติดต่อประสานเครือข่ายและหน่วยงานภายนอก หน่วยงานมีการใช้รถเป็นประจำทั้งในระยะทางใกล้ไกล เพื่อติดต่อประสานงานทางราชการ และอำนวยความสะดวกให้แก่ผู้เสียหาย เช่น นำผู้เสียหายไปรักษาพยาบาลตามแพทย์นัด รับ-ส่ง ผู้เสียหายไปสืบพยานที่ศาล ซึ่งการเดินทางมีตั้งแต่ภายในจังหวัดและต่างจังหวัดที่เกี่ยวข้อง จึงมีความจำเป็นต้องขอรถกระบะดับเบิ้ลแค็บทดแทนคันเก่าที่มีสภาพการใช้งานเสื่อมสภาพทรุดโทรมและมีอายุการใช้งานมานาน 18 ปี ทำให้มีความเสี่ยงด้านความปลอดภัยบนท้องถนน และเพื่ออำนวยความสะดวกในภารกิจที่เร่งด่วนต้องปฏิบัติงานอย่างทันถ่วงทีในสถานการณ์ฉุกเฉินปลอดภัยต่อการเดินทางการขับขี่ทั้งในระยะสั้นและระยะไกล และเพื่ออำนวยความสะดวกแก่ผู้เสียหายและบุคคลากรหน่วยงานในการติดต่องานราชการ
A28: ครุภัณฑ์ | B28: 2570 | C28: ครุภัณฑ์การเกษตร | D28: ยุทธศาสตร์จัดการปัญหาแรงงานต่างด้าวและการค้ามนุษย์ | E28: ป้องกันและแก้ไขปัญหาการค้ามนุษย์ | F28: เพิ่มประสิทธิภาพระบบการคุ้มครองช่วยเหลือผู้เสียหายตาม กฏหมายและสอดคล้องกับหลักการสากล | G28: เครื่องเลื่อยยนต์ รุ่น 5800 ลูกสูบ 58 มิล | H28: สคม.สงขลา | J28: สงขลา | K28: ใต้ | L28: 3200 | M28: 1 | N28: เครื่อง | P28: P | R28: 1 | T28: 3200 | U28: ขอเพิ่มประสิทธิภาพเนื่องจาก สถานคุ้มครองฯ ไม่มีอุปกรณ์ในการตัดแต่งกิ่งไม้ขนาดใหญ่ จึงมีความจำเป็นต้องใช้อุปกรณ์ที่สามารถช่วยในการทำงานได้อย่างประสิทธิภาพที่สามารถช่วยในการตัดไม้ขนาดใหญ่ได้ถึง 58 มิลลิเมตร หรือตัดไม้ได้หลากหลายชนิดได้อย่างรวดเร็ว เหมาะสำหรับการใช้ในงานด้านเกษตร เพื่อใช้ในการปรับปรุงภูมิทัศน์ภายในของสถานคุ้มครองฯ
A29: ครุภัณฑ์ | B29: 2570 | C29: ครุภัณฑ์งานบ้านงานครัว | D29: ยุทธศาสตร์จัดการปัญหาแรงงานต่างด้าวและการค้ามนุษย์ | E29: ป้องกันและแก้ไขปัญหาการค้ามนุษย์ | F29: เพิ่มประสิทธิภาพระบบการคุ้มครองช่วยเหลือผู้เสียหายตาม กฏหมายและสอดคล้องกับหลักการสากล | G29: เครื่องฉีดน้ำแรงดันสูง ขนาดแรงดันไม่น้อยกว่า 180 บาร์ | H29: สคม.บ้านเกร็ดตระการ | J29: นนทบุรี | K29: กลาง | L29: 53500 | M29: 1 | N29: เครื่อง | P29: P | R29: 1 | T29: 53500 | U29: เพื่อเพิ่มประสิทธิภาพ เนื่องจากหน่วยงานตั้งอยู่พื้นที่ ตำบลเกาะเกร็ด เป็นพื้นที่ประสบปัญหาน้ำท่วมในทุกๆ ปี มีความจำเป็นต้องใช้อุปกรณ์ในการทำความสะอาดหลังน้ำท่วม เครื่องฉีดน้ำแรงดันสูงจึงมีความเป็นในการใช้ทำความสะอาดกำจัดโคลน ขยะ คราบสกปรกและเชื้อรา บริเวณลานอเนกประสงค์ พื้นผิวถนนคอนกรีตและทางเดิน พื้นที่บริเวณลานกิจกรรมต่างๆ ที่มีคราบดินโคลนสะสมจากน้ำท่วมขัง เพื่อให้เกิดความสะอาด ปลอดภัยต่อการใช้งาน
A30: ครุภัณฑ์ | B30: 2570 | C30: ครุภัณฑ์สำนักงาน | D30: ยุทธศาสตร์จัดการปัญหาแรงงานต่างด้าวและการค้ามนุษย์ | E30: ป้องกันและแก้ไขปัญหาการค้ามนุษย์ | F30: เพิ่มประสิทธิภาพระบบการคุ้มครองช่วยเหลือผู้เสียหายตาม กฏหมายและสอดคล้องกับหลักการสากล | G30: ตู้เหล็ก 2 ลิ้นชัก | H30: สคม.บ้านเกร็ดตระการ | J30: นนทบุรี | K30: กลาง | L30: 498000 | M30: 200 | N30: ตู้ | P30: P | R30: 200 | T30: 2490 | U30: เพื่อเพิ่มประสิทธิภาพ เนื่องจากหน่วยงานมีภารกิจในการดูแลผู้เสียหายฯ ซึ่งอยู่อาศัยรวมกันบนเรือนนอน จำเป็นต้องจัดหาตู้ไว้ให้สำหรับจัดเก็บ สิ่งของเครื่องใช้ส่วนตัว ให้เป็นระเบียบเรียบร้อยอันเป็นการเคารพสิทธิส่วนบุคคลที่ผู้เสียหายฯ ควรได้รับ
A31: ครุภัณฑ์ | B31: 2570 | C31: ครุภัณฑ์สำนักงาน | D31: ยุทธศาสตร์จัดการปัญหาแรงงานต่างด้าวและการค้ามนุษย์ | E31: ป้องกันและแก้ไขปัญหาการค้ามนุษย์ | F31: เพิ่มประสิทธิภาพระบบการคุ้มครองช่วยเหลือผู้เสียหายตาม กฏหมายและสอดคล้องกับหลักการสากล | G31: เครื่องทำลายเอกสาร แบบตัดตรง ทำลายครั้งละ 30 แผ่น | H31: สคม.บ้านเกร็ดตระการ | J31: นนทบุรี | K31: กลาง | L31: 63000 | M31: 1 | N31: เครื่อง | O31: P | R31: 1 | T31: 63000 | U31: เพื่อเพิ่มประสิทธิภาพ หน่วยงานมีหนังสือราชการที่เป็นราชการลับ ประวัติข้อมูล เอกสารต่างๆผู้เสียหายฯ และหนังสือราชการที่หมดความจำเป็นในการใช้งาน และเก็บไว้จนครบอายุการเก็บตามที่ระเบียบ งานสารบรรณ กำหนดแล้ว เพื่อมิให้เป็นภาระแก่ส่วนราชการ จำเป็นต้องทำลาย เพื่อช่วย ให้ส่วนราชการต่างๆ ลดภาระการจัดเก็บเอกสารที่ไม่จำเป็น สภาพแวดล้อม ภายใน หน่วยงานจะดูเป็นระเบียบเรียบร้อย
A32: ครุภัณฑ์ | B32: 2570 | C32: ครุภัณฑ์งานบ้านงานครัว | D32: ยุทธศาสตร์จัดการปัญหาแรงงานต่างด้าวและการค้ามนุษย์ | E32: ป้องกันและแก้ไขปัญหาการค้ามนุษย์ | F32: เพิ่มประสิทธิภาพระบบการคุ้มครองช่วยเหลือผู้เสียหายตาม กฏหมายและสอดคล้องกับหลักการสากล | G32: ผ้าม่านและอุปกรณ์พร้อมติดตั้งอาคารเรือนนอนผู้รับบริการ | H32: สคม.บ้านนารีสวัสดิ์ | J32: นครราชสีมา | K32: ตะวันออกเฉียงเหนือ | L32: 165000 | M32: 1 | N32: ชุด | P32: P | R32: 1 | T32: 165000 | U32: ขอเพิ่มประสิทธิภาพ เนื่องจากมีการปรับปรุงอาคารเรือนนอนจำนวน 2 หลัง ให้แก่ผู้รับบริการเรียบร้อยแล้วในปีงบประมาณ 2568 แต่ยังขาดผ้าม่านบริเวณหน้าต่าง และประตู เพื่อบังแสงแดด และแสงสว่างจากภายนอก และช่วยบังสายตาให้ผู้รับบริการรู้สึกว่าปลอดภัย มีความเป็นส่วนตัวมากขึ้น
A33: ครุภัณฑ์ | B33: 2570 | C33: ครุภัณฑ์การเกษตร | D33: ยุทธศาสตร์จัดการปัญหาแรงงานต่างด้าวและการค้ามนุษย์ | E33: ป้องกันและแก้ไขปัญหาการค้ามนุษย์ | F33: เพิ่มประสิทธิภาพระบบการคุ้มครองช่วยเหลือผู้เสียหายตาม กฏหมายและสอดคล้องกับหลักการสากล | G33: เครื่องสูบน้ำ มอเตอร์ไฟฟ้าสูบน้ำได้ 1,500 ลิตรต่อนาที | H33: สคม.บ้านนารีสวัสดิ์ | J33: นครราชสีมา | K33: ตะวันออกเฉียงเหนือ | L33: 38000 | M33: 1 | N33: เครื่อง | O33: P | Q33: 1 | S33: พม/สคม.นม/08-01-06/001/2561 | T33: 38000 | U33: ขอทดแทนครุภัณฑ์เดิม เนื่องจากหมดอายุการใช้งานและปัจจุบันเครื่องสูบน้ำติดตั้งที่บริเวณโรงสูบน้ำภายในสถานคุ้มครองฯ เพื่อสูบจ่ายน้ำประปาใช้ในการอุปโภคบริโภคเป็นหลักในสถานคุ้มครองฯ เกิดการชำรุดอยู่บ่อยครั้งและค่าใช้จ่ายในการซ่อมค่อนข้างสูง ซึ่งปัจจุบันสถานคุ้มครองฯ มีผู้รับบริการอยู่ภายในสถานคุ้มครองฯ ตลอด 24 ชั่วโมง ระยะเวลาในการอยู่อาศัยเกิน 7 วัน หากเกิดเหตุฉุกเฉินเครื่องสูบน้ำเกิดการชำรุดและไม่สามารถซ่อมได้ส่งผลให้ผู้รับบริการได้รับความเดือดร้อนอย่างยิ่ง
A34: ครุภัณฑ์ | B34: 2570 | C34: ครุภัณฑ์งานบ้านงานครัว | D34: ยุทธศาสตร์จัดการปัญหาแรงงานต่างด้าวและการค้ามนุษย์ | E34: ป้องกันและแก้ไขปัญหาการค้ามนุษย์ | F34: เพิ่มประสิทธิภาพระบบการคุ้มครองช่วยเหลือผู้เสียหายตาม กฏหมายและสอดคล้องกับหลักการสากล | G34: ปั๊มน้ำอัตโนมัติแรงดันคงที่ 150 วัตต์ | H34: สคม.บ้านนารีสวัสดิ์ | J34: นครราชสีมา | K34: ตะวันออกเฉียงเหนือ | L34: 57950 | M34: 5 | N34: เครื่อง | P34: P | R34: 5 | T34: 11590 | U34: ขอเพิ่มประสิทธิภาพ เพื่อติดตั้งที่อาคารเรือนนอนที่ 4,5,6,11,12, ของผู้รับบริการ เนื่องจากเคยเกิดเหตุการณ์ฉุกเฉิน เครื่องสูบน้ำภายในสถานคุ้มครองฯทีเป็นเครื่องหลักในการส่งน้ำใช้ภายในชำรุด และน้ำประปาไม่ไหลเป็นประมาณ 7 วัน ซึ่งจะส่งผลกระทบต่อผู้รับบริการโดยตรงได้รับความเดือดร้อนเป็นอย่างมาก คือ ไม่มีน้ำชำระล้างร่างกาย ทำความสะอาดเครื่องแต่งกาย อาจทำให้ไม่ถูกสุขอนามัย และเกิดโรคผิวหนังตามมา หากได้รับจัดสรรปั๊มน้ำอัตโนมัติพร้อมกับถังน้ำแบบไฟเบอร์กาส เพื่อติดตั้งแต่ละอาคารเรือนนอน ก็สามารถแก้ปัญหาที่เกิดขึ้นได้เบื้องต้น เพื่อบรรเทาความเดือดร้อนของผู้รับบริการ
A35: ครุภัณฑ์ | B35: 2570 | C35: ครุภัณฑ์สำนักงาน | D35: ยุทธศาสตร์จัดการปัญหาแรงงานต่างด้าวและการค้ามนุษย์ | E35: ป้องกันและแก้ไขปัญหาการค้ามนุษย์ | F35: เพิ่มประสิทธิภาพระบบการคุ้มครองช่วยเหลือผู้เสียหายตาม กฏหมายและสอดคล้องกับหลักการสากล | G35: ถังน้ำ แบบไฟเบอร์กลาส ขนาดความจุ 1,500 ลิตร | H35: สคม.บ้านนารีสวัสดิ์ | J35: นครราชสีมา | K35: ตะวันออกเฉียงเหนือ | L35: 37500 | M35: 5 | N35: ใบ | O35: P | R35: 5 | T35: 7500 | U35: ขอเพิ่มประสิทธิภาพ เพื่อติดตั้งที่อาคารเรือนนอนที่ 4,5,6,11,12, ของผู้รับบริการ เนื่องจากเคยเกิดเหตุการณ์ฉุกเฉิน เครื่องสูบน้ำภายในสถานคุ้มครองฯ ที่เป็นหลักในการส่งน้ำใช้ภายในชำรุด และน้ำประปาไม่ไหลเป็นประมาณ 7 วัน ซึ่งจะส่งผลกระทบต่อผู้รับบริการโดยตรงได้รับความเดือดร้อนเป็นอย่างมาก คือ ไม่มีน้ำชำระล้างร่างกาย ทำความสะอาดเครื่องแต่งกาย อาจทำให้ไม่ถูกสุขอนามัย และเกิดโรคผิวหนังตามมา หากได้รับจัดสรรถังน้ำแบบไฟเบอร์กลาสพร้อมกับปั๊มน้ำอัตโนมัติเพื่อติดตั้งแต่ละอาคารเรือนนอน ก็สามารถแก้ปัญหาที่เกิดขึ้นได้เบื้องต้น เพื่อบรรเทาความเดือดร้อนของผู้รับบริการ
A36: ครุภัณฑ์ | B36: 2570 | C36: ครุภัณฑ์งานบ้านงานครัว | D36: ยุทธศาสตร์จัดการปัญหาแรงงานต่างด้าวและการค้ามนุษย์ | E36: ป้องกันและแก้ไขปัญหาการค้ามนุษย์ | F36: เพิ่มประสิทธิภาพระบบการคุ้มครองช่วยเหลือผู้เสียหายตาม กฏหมายและสอดคล้องกับหลักการสากล | G36: เครื่องตัดหญ้า แบบข้อแข็ง | H36: สคม.บ้านนารีสวัสดิ์ | J36: นครราชสีมา | K36: ตะวันออกเฉียงเหนือ | L36: 9500 | M36: 1 | N36: เครื่อง | O36: P | R36: 1 | T36: 9500 | U36: ขอเพิ่มประสิทธิภาพ เนื่องด้วยสถานคุ้มครองฯ มีเนื้อที่ 29 ไร่ 83.88 ตร.วา โดยมากเป็นหญ้าและต้นไม้ บางพื้นที่หญ้าขึ้นหนาแน่น ผู้รับบริการอาจได้รับอันตรายจากสัตว์มีพิษและสัตว์เลื้อยคลานที่มีพิษ ซึ่งปัจจุบันมีเครื่องตัดหญ้าจำนวน 1 เครื่อง ไม่เพียงพอต่อการปฏิบัติงาน หากได้รับจัดสรรเครื่องตัดหญ้าเพิ่มก็จะสามารถให้บุคลากรตำแหน่งงานอื่นภายในสถานคุ้มครองฯ ช่วยปฏิบัติงานได้
A37: ครุภัณฑ์ | B37: 2570 | C37: ครุภัณฑ์การเกษตร | D37: ยุทธศาสตร์จัดการปัญหาแรงงานต่างด้าวและการค้ามนุษย์ | E37: ป้องกันและแก้ไขปัญหาการค้ามนุษย์ | F37: เพิ่มประสิทธิภาพระบบการคุ้มครองช่วยเหลือผู้เสียหายตาม กฏหมายและสอดคล้องกับหลักการสากล | G37: เครื่องสูบน้ำแบบหอยโข่ง มอเตอร์ไฟฟ้า สูบน้ำได้ 450 ลิตรต่อนาที | H37: สคม.บ้านศรีสุราษฎร์ | J37: สุราษฎร์ธานี | K37: ใต้ | L37: 9700 | M37: 1 | N37: เครื่อง | O37: P | Q37: 1 | S37: เลขสินทรัพย์ 100000024595 | T37: 9700 | U37: ขอทดแทน เนื่องจากเครื่องสูบน้ำมีอายุการใช้งาน 25 ปี สำหรับสูบน้ำส่งไปยังอาคารต่างๆ ภายในสถานคุ้มครองฯ เพื่อใช้อุปโภค บริโภค สำหรับผู้เสียหาย และใช้ในภารกิจต่างๆ ภายในสถานคุ้มคอรงฯ ซึ่งเครื่องสูบน้ำมีการชำรุดบ่อยและไม่สามารถใช้งานได้ตามปกติ ทำให้ระบบน้ำไม่ไหลบ่อยครั้ง
A38: ครุภัณฑ์ | B38: 2570 | C38: ครุภัณฑ์การเกษตร | D38: ยุทธศาสตร์จัดการปัญหาแรงงานต่างด้าวและการค้ามนุษย์ | E38: ป้องกันและแก้ไขปัญหาการค้ามนุษย์ | F38: เพิ่มประสิทธิภาพระบบการคุ้มครองช่วยเหลือผู้เสียหายตาม กฏหมายและสอดคล้องกับหลักการสากล | G38: เครื่องสูบน้ำ แบบหอยโข่ง มอเตอร์ไฟฟ้า | H38: สคม.บ้านสองแคว | J38: พิษณุโลก | K38: กลาง | L38: 19800 | M38: 1 | N38: เครื่อง | P38: P | Q38: 1 | S38: พส/สปป-35/08-01- 06/01/2549 | T38: 19800 | U38: ทดแทนหมายเลข พส/สปป-35/08-01-06/01/2549 ซึ่งมีอายุการใช้งาน 18 ปี หมดสภาพการใช้งาน ไม่คุ้มกับค่าซ่อมแซม จึงมีความต้องการเครื่องสูบน้ำ แบบหอยโข่ง สำหรับใช้สูบน้ำจากถังพักน้ำขึ้นแท็งค์เก็บน้ำที่สูง เพื่อให้ มีแรงเหวี่ยงของน้ำออกไปด้านนอก ทำให้น้ำมีความเร็วและแรงดันสูงขึ้น และไหลออกไปตามท่อส่งน้ำ เพื่อแจกจ่ายน้ำส่งออกไปตามระบบท่อประปาตามอาคาร สถานที่ต่างๆ ภายในสถานฯ ให้ผู้รับการคุ้มครองใช้อุปโภค-บริโภค
A39: ครุภัณฑ์ | B39: 2570 | C39: ครุภัณฑ์การเกษตร | D39: ยุทธศาสตร์จัดการปัญหาแรงงานต่างด้าวและการค้ามนุษย์ | E39: ป้องกันและแก้ไขปัญหาการค้ามนุษย์ | F39: เพิ่มประสิทธิภาพระบบการคุ้มครองช่วยเหลือผู้เสียหายตาม กฏหมายและสอดคล้องกับหลักการสากล | G39: ปั๊มบาดาล | H39: สคม.บ้านสองแคว | J39: พิษณุโลก | K39: กลาง | L39: 46200 | M39: 1 | N39: เครื่อง | P39: P | Q39: 1 | S39: พส/สปป- 35/08-01- 06/02/2549 | T39: 46200 | U39: ทดแทนหมายเลข พส/สปป-35/08-01-06/01/2549 ซึ่งมีอายุการใช้งาน 18 ปี **การใช้งาน คือใช้สูบน้ำบาดาลชั้นใต้ดินขึ้นมาเข้าบ่อพักน้ำ เพื่อกักเก็บน้ำไว้ใช้มอเตอร์จะขับเคลื่อนใบพัดให้หมุนอย่างรวดเร็ว ซึ่งจะสร้างแรงดันดูด ดึงน้ำจากบ่อบาดาล จากนั้นน้ำจะถูกดันขึ้นไปตามท่อส่งจนถึงผิวดิน ยิ่งมีใบพัดมาก ยิ่งสามารถสูบส่งน้ำได้สูงและไกลขึ้น ปั๊มบาดาล (หรือปั๊มซับเมอร์ส) จะถูกออกแบบมาให้จมอยู่ในน้ำตลอดเวลาเพื่อการทำงานที่มีประสิทธิภาพและป้องกันความร้อนของมอเตอร์
A40: ครุภัณฑ์ | B40: 2570 | C40: ครุภัณฑ์โฆษณาและเผยแพร่ | D40: ยุทธศาสตร์จัดการปัญหาแรงงานต่างด้าวและการค้ามนุษย์ | E40: ป้องกันและแก้ไขปัญหาการค้ามนุษย์ | F40: เพิ่มประสิทธิภาพระบบการคุ้มครองช่วยเหลือผู้เสียหายตาม กฏหมายและสอดคล้องกับหลักการสากล | G40: กล้องถ่ายภาพระบบดิจิตอล | H40: สคม.บ้านสองแคว | J40: พิษณุโลก | K40: กลาง | L40: 34900 | M40: 1 | N40: เครื่อง | P40: P | Q40: 1 | S40: พส/สปป-35/07-01-01/02/2557 | T40: 34900 | U40: ทดแทนหมายเลข พส/สปป-35/07-01-01/02/57 ซึ่งมีอายุการใช้งาน 11 ปี เริ่มหมดสมรรถภาพในการใช้งาน และจัดซ่อมบ่อยครั้ง เพื่อเผยแพร่ประชาสัมพันธ์บทบาท ภารกิจของหน่วยงานให้ทันกับเทคโนโลยีที่ก้าวหน้าทันสมัยและเป็นการเพิ่มประสิทธิภาพในการปฏิบัติงาน การบริการประชาชนในพื้นที่ได้อย่างคล่องตัวและรวดเร็ว
A41: ครุภัณฑ์ | B41: 2570 | C41: ครุภัณฑ์คอมพิวเตอร์ | D41: ยุทธศาสตร์พัฒนาบริการประชาชนและการพัฒนาประสิทธิภาพภาครัฐ | E41: ยกระดับองค์กรให้มผีลสัมฤทธิ์สูงสู่การเป็นองค์กรดิจิทัล | F41: บริหารจัดการระบบเทคโนโลยีสารสนเทศและการสื่อสาร | G41: โครงการเชื่อมโยงข้อมูลจากระบบฐานข้อมูลบันทึกคดีสำคัญ (CDC) สำนักงานศาลยุติธรรม ข้อมูลการคัดกรองจากระบบ ANTI LABOUR TRAFFICKING ของกระทรวงแรงงาน และระบบฐานข้อมูลขนาดใหญ่ (Big Data) เพื่อบริหารสวัสดิการสังคม กระทรวง พม. กับระบบฐานข้อมูลของประเทศไทย ด้านการดำเนินคดีและการช่วยเหลือผู้เสียหายจากการค้ามนุษย์ (E-AHT) | H41: กคม. | J41: กรุงเทพมหานคร | K41: กลาง | L41: =M41*T41 -> 3073000 | M41: =Q41+R41 -> 1 | N41: โครงการ | P41: P | R41: 1 | T41: 3073000
A42: ครุภัณฑ์ | B42: 2570 | C42: ครุภัณฑ์คอมพิวเตอร์ | D42: ยุทธศาสตร์พัฒนาบริการประชาชนและการพัฒนาประสิทธิภาพภาครัฐ | E42: ยกระดับองค์กรให้มผีลสัมฤทธิ์สูงสู่การเป็นองค์กรดิจิทัล | F42: บริหารจัดการระบบเทคโนโลยีสารสนเทศและการสื่อสาร | G42: จัดหาครุภัณฑ์คอมพิวเตอร์และอุปกรณ์สำหรับการปฏิบัติงานป้องกันและแก้ไขปัญหาการค้ามนุษย์ในระดับพื้นที่ | H42: กคม. | J42: กรุงเทพมหานคร | K42: กลาง | L42: =M42*T42 -> 748800 | M42: =Q42+R42 -> 1 | N42: โครงการ | P42: P | Q42: 1 | T42: 748800
A43: ครุภัณฑ์ | B43: 2570 | C43: ครุภัณฑ์ยานพาหนะและขนส่ง | D43: ยุทธศาสตร์พัฒนาบริการประชาชนและพัฒนาประสิทธิภาพภาครัฐ | E43: ยกระดับองค์กรให้มีผลสัมฤทธิ์สูง | F43: พัฒนาองค์กรให้มีผลสัมฤทธิ์สูง | G43: รถโดยสารขนาด 12 ที่นั่ง (ดีเซล) ปริมาตรกระบอกสูบ ไม่ต่ำกว่า 2,400 ซีซี หรือกำลังเครื่องยนต์สูงสุด ไม่ต่ำกว่า 90 กิโลวัตต์ | H43: กตภ. | J43: กรุงเทพมหานคร | K43: กลาง | L43: =M43*T43 -> 1498000 | M43: =Q43+R43 -> 1 | P43: P | Q43: 1 | S43: พม/สป-สบก(กอก)/05-01-03/002/2551 | T43: 1498000 | U43: ทดแทนหมายเลข พม/สป-สบก(กอก)/05-01-03/002/2551 ซึ่งมีอายุการใช้งาน 17 ปี หมดสภาพการใช้งาน ไม่คุ้มกับค่าซ่อมแซม ใช้ประโยชน์ในภารกิจลงพื้นที่ตรวจสอบหน่วยงานในสังกัด สป.พม. และภารกิจอื่น ๆ ของกลุ่มตรวจสอบภายใน
A44: ครุภัณฑ์ | B44: 2570 | C44: ครุภัณฑ์ยานพาหนะและขนส่ง | D44: ยุทธศาสตร์มาตรการแบบเจาะจงกลุ่มเป้าหมายเพื่อแก้ปัญหาเฉพาะกลุ่ม | E44: พัฒนาระบบการคุ้มครองทางสังคมและจัดสวัสดิการสังคม | F44: ส่งเสริม ประสานและดำเนินการช่วยเหลือผู้ประสบปัญหาทางสังคม | G44: รถโดยสารขนาด 12 ที่นั่ง (ดีเซล) ปริมาตรกระบอกสูบ ไม่ต่ำกว่า 2,400 ซีซี หรือกำลังเครื่องยนต์สูงสุดไม่ต่ำกว่า 90 กิโลวัตต์ | H44: กตร. | J44: กรุงเทพมหานคร | K44: กลาง | L44: 1498000 | M44: 1 | N44: คัน | P44: P | Q44: 1 | S44: พม/สป/สตป/05-01-03/001/2554 | T44: 1498000 | U44: ขอเพิ่มเติมจำนวน 1 คัน เนื่องจากรถตู้ หมายเลขทะเบียน ฮบ 9140 กรุงเทพมหานคร หมายเลขครุภัณฑ์ หมายเลขครุภัณฑ์ พม/สป/สตป/05-01-03/001/2554 มีอายุการใช้งานมากกว่า 16 ปี และอยู่ในสภาพเก่าและชำรุดไม่คุ้มค่าในการซ่อมบำรุง และเพื่อประโยชน์ต่อการใช้งาน ในการลงพื้นที่ตรวจราชการของผู้ตรวจราชการกระทรวงฯ จึงมีความจำเป็นต้องใช้รถยนต์ตู้สมรรถนะที่เหมาะสม
A45: ครุภัณฑ์ | B45: 2570 | C45: ครุภัณฑ์ยานพาหนะและขนส่ง | D45: ยุทธศาสตร์มาตรการแบบเจาะจงกลุ่มเป้าหมายเพื่อแก้ปัญหาเฉพาะกลุ่ม | E45: พัฒนาระบบการคุ้มครองทางสังคมและจัดสวัสดิการสังคม | F45: ส่งเสริม ประสานและดำเนินการช่วยเหลือผู้ประสบปัญหาทางสังคม | G45: รถยนต์ไฟฟ้า ประเภทแบตเตอรี่ (BEV) ที่มีขนาดความจุของแบตเตอรี่มากกว่า 60 กิโลวัตต์/ชั่วโมง (kWh) และกำลังมอเตอร์ไฟฟ้าสูงสุดไม่เกิน 150 กิโลวัตต์ | H45: กตร. | J45: กรุงเทพมหานคร | K45: กลาง | L45: 918000 | M45: 1 | N45: คัน | O45: P | R45: 1 | T45: 918000 | U45: ขอเพิ่มเติม จำนวน 1 คัน เพื่อสนับสนุนและอำนวยความสะดวกให้กับผู้ปฏิบัติงานกองตรวจราชการในการขับเคลื่อนการดำเนินงานการตรวจราชการตามภารกิจให้เป็นไปอย่างมีประสิทธิภาพ รวมทั้งส่งเสริมการใช้พลังงานสะอาด สนับสนุนนโยบายด้านสิ่งแวดล้อมและเศรษฐกิจของชาติ ลดมลพิษ และประหยัดค่าใช้จ่ายในระยะยาว นอกจากนี้ ยังเป็นการสร้างภาพลักษณ์ของภาครัฐในการเป็นผู้นำด้านเทคโนโลยีที่เป็นมิตรต่อสิ่งแวดล้อม
A46: ครุภัณฑ์ | B46: 2570 | C46: ครุภัณฑ์คอมพิวเตอร์ | D46: ยุทธศาสตร์มาตรการแบบเจาะจงกลุ่มเป้าหมายเพื่อแก้ปัญหาเฉพาะกลุ่ม | E46: พัฒนาระบบการคุ้มครองทางสังคมและจัดสวัสดิการสังคม | F46: ส่งเสริม ประสานและดำเนินการช่วยเหลือผู้ประสบปัญหาทางสังคม | G46: รายการพัฒนาระบบตรวจราชการอิเล็กทรอนิกส์ (MSO E-Inspection System) ให้เป็นระบบเว็บแอพพลิเคชั่น (Web-based Application) | H46: กตร. | J46: กรุงเทพมหานคร | K46: กลาง | L46: 2000000 | M46: 1 | N46: โครงการ | P46: P | R46: 1 | T46: 2000000 | U46: ขอเพิ่ม จำนวน 1 ระบบ 1) เพื่อพัฒนาระบบตรวจราชการของกระทรวงพม.ให้เป็นระบบดิจิทัลที่มีประสิทธิภาพ สอดคล้องกับแผนพัฒนารัฐบาลดิจิทัลของประเทศไทย และสามารถปรับเปลี่ยนแบบฟอร์ม ตัวชี้วัด และหมวดหมู่ข้อมูลให้เหมาะสมกับนโยบาย และแนวทางการตรวจราชการที่เปลี่ยนแปลงในแต่ละปีงบประมาณได้อย่างยืดหยุ่น 2) เพื่อเพิ่มประสิทธิภาพในการบริหารจัดการข้อมูล การรายงานผล และการติดตามความก้าวหน้าการดำเนินงานในระดับพื้นที่ ผ่านระบบบริหารจัดการข้อมูลกลางที่เชื่อมโยงหน่วยงานในสังกัด ทั้งส่วนกลางและภูมิภาค ให้สามารถใช้งานร่วมกันได้อย่างมีประสิทธิภาพและเป็นมาตรฐาน 3) เพื่อสนับสนุนการตัดสินใจเชิงนโยบายของผู้บริหารด้วยข้อมูลที่ถูกต้อง รวดเร็วและครบถ้วน โดยพัฒนาระบบแสดงผลข้อมูลการตรวจราชการ (Inspection Dashboard & Report Visualization) ให้สามารถวิเคราะห์ สรุปผล และรายงานผลการดำเนินงานของแต่ละหน่วยงานและพื้นที่ได้แบบ Real-time ช่วยให้ผู้บริหารสามารถใช้ข้อมูลประกอบการตัดสินใจเชิงนโยบายได้อย่างมีประสิทธิภาพและทันท่วงที
A47: ครุภัณฑ์ | B47: 2570 | C47: ครุภัณฑ์ยานพาหนะและขนส่ง | E47: ศูนย์เร่งรัดจัดการสวัสดิภาพประชาชน | F47: พัฒนาและเพิ่มขีดความสามารถในการช่วยเหลือคุ้มครองผู้ประสบปัญหาทางสังคม | G47: รถตู้(สำหรับเคลื่อนย้ายผู้ประสบปัญหาทางสังคม) เครื่องยนต์ดีเซล จำนวนไม่น้อยกว่า 4 สูบ แถวเรียง DOHC 16 วาล์ว ปริมาตรกระบอกสูบไม่น้อยกว่า 2700 ซีซี | H47: กตร. | I47: (ศชส.) | J47: กรุงเทพมหานคร | K47: กลาง | L47: =M47*T47 -> 4000000 | M47: =Q47+R47 -> 2 | N47: คัน | P47: P | R47: 2 | T47: 2000000 | U47: เพื่อให้ผู้ประสบปัญหาทางสังคมที่มีภาะติดเตียง (ที่สิ้นสุดกระบวนการรักษา)/คนพิการ หรือผู้สูงอายุ ที่ต้องส่งต่อบริการไปยังหน่วยงานที่เกี่ยวข้อง ได้รับการดูแลอย่างต่อเนื่อง ลดความเสี่ยงจากการยกเคลื่อนย้ายด้วยวิธีที่ไม่เหมาะสม อันอาจนำมาซึ่งการทวีความรุนแรงของภาวะที่ประสบอยู่
A48: ครุภัณฑ์ | B48: 2570 | C48: ครุภัณฑ์ยานพาหนะและขนส่ง | E48: บำรุงรักษาระบบการบริจาคและการรับบริจาคของศูนย์รับบริจาค พม. | F48: บำรุงรักษาระบบการบริจาคและการรับบริจาคของศูนย์รับบริจาค พม. | G48: รถยนต์บรรทุกส่วนบุคคลตู้บรรทุก 6 ล้อ พร้อมตู้แบบคอนเทนเนอร์ | H48: กตร. | I48: (ศบจ.) | J48: กรุงเทพมหานคร | K48: กลาง | L48: 3290000 | M48: 1 | N48: คัน | P48: P | Q48: 1 | S48: 95-2181 กรุงเทพมหานคร | T48: 3290000 | U48: ขอเพิ่มเติมจำนวน 1 คัน เนื่องจากรถยนต์บรรทุกส่วนบุคคล ตู้บรรทุก 6 ล้อ พร้อมตู้แบบคอนเทนเนอร์ หมายเลขทะเบียน 95-2181 กรุงเทพมหานคร หมายเลขครุภัณฑ์.............. มีอายุการใช้งานมากกว่า 15ปี และอยู่ในสภาพเก่าและชำรุดไม่คุ้มค่าในการซ่อมบำรุง และเพื่อประโยชน์ต่อการใช้งาน ในการจัดส่งสิ่งของบริจาค ของศูนย์รับบริจาค พม. ไปยังหน่วยงานในสังกัดกระทรวง จึงมีความจำเป็นต้องใช้รถยนต์บรรทุกส่วนบุคคล ตู้บรรทุก 6 ล้อ พร้อมคอนเทนเนอร์ สมรรถนะที่เหมาะสม
A49: ครุภัณฑ์ | B49: 2570 | C49: ครุภัณฑ์ยานพาหนะและขนส่ง | E49: บำรุงรักษาระบบการบริจาคและการรับบริจาคของศูนย์รับบริจาค พม. | F49: บำรุงรักษาระบบการบริจาคและการรับบริจาคของศูนย์รับบริจาค พม. | G49: รถยนต์นั่งส่วนบุคคล นั่งสองตอนท้ายบรรทุก ขนาด 1 ตัน ชนิดขับเคลื่อน 4 ล้อ (ปริมาณกระบอกสูบไม่ต่ำกว่า 2,400 ซีซี) หรือกำลังเครื่องยนต์สูงสุดไม่ต่ำกว่า 110 กิโลวัตต์ - หลังคารถบรรทุก ขนาด 1 ตัน หลังคาสำเร็จรูป ชนิดทำด้วยไฟเบอร์กลาสหรือเหล็ก มีช่องลมพร้อมกระจกเลื่อน ฝาท้ายเปิดแบบโช๊คอัพ | H49: กตร. | I49: (ศบจ.) | J49: กรุงเทพมหานคร | K49: กลาง | L49: 1207900 | M49: 1 | N49: คัน | P49: P | Q49: 1 | S49: ชร-4239 กรุงเทพมหานคร | T49: 1207900 | U49: ขอเพิ่มเติมจำนวน 1 คัน เนื่องจากรถยนต์นั่งส่วนบุคคล นั่งสองตอนท้ายบรรทุก (มีหลังคา) หมายเลขทะเบียน ชร-4239 กรุงเทพมหานคร หมายเลขครุภัณฑ์.............. มีอายุการใช้งานมากกว่า 15ปี และอยู่ในสภาพเก่าและชำรุดไม่คุ้มค่าในการซ่อมบำรุง และเพื่อประโยชน์ต่อการใช้งาน ในการจัดส่งสิ่งของบริจาค ของศูนย์รับบริจาค พม. ไปยังหน่วยงานในสังกัดกระทรวง จึงมีความจำเป็นต้องใช้รถยนต์นั่งส่วนบุคคล นั่งสองตอนท้ายบรรทุก (มีหลังคา) สมรรถนะที่เหมาะสม
A50: ครุภัณฑ์ | B50: 2570 | C50: ครุภัณฑ์สำนักงาน | D50: ยุทธศาสตร์พัฒนาบริการประชาชนและพัฒนาประสิทธิภาพภาครัฐ | E50: ยกระดับองค์กรให้มีผลสัมฤทธิ์สูงสู่การเป็นองค์กรดิจิทัล | F50: บริหารจัดการระบบเทคโนโลยีสารสนเทศและการสื่อสาร | G50: เครื่องทำน้ำเย็น แบบต่อท่อ ขนาด 1 ก๊อก | H50: กปส. | J50: กรุงเทพมหานคร | K50: กลาง | L50: =M50*T50 -> 13700 | M50: =Q50+R50 -> 1 | N50: เครื่อง | O50: P | Q50: 1 | S50: พม/สป-กปส/15-02-08/001/2546 | T50: 13700 | U50: ทดแทนครุภัณฑ์ทะเบียน พม/สป-กปส/15-02-08/001/2546 ซึ่งมีอายุการใช้งาน 23 ปี หมดสภาพการใช้งาน ไม่คุ้มกับค่าซ่อมแซม ใช้ประโยชน์เพื่อเป็นการอำนวยความสะดวกให้กับเจ้าหน้าที่และผู้มาติดต่อประสานงาน
A51: ครุภัณฑ์ | B51: 2570 | C51: ครุภัณฑ์สำนักงาน | D51: ยุทธศาสตร์พัฒนาบริการประชาชนและพัฒนาประสิทธิภาพภาครัฐ | E51: ยกระดับองค์กรให้มีผลสัมฤทธิ์สูงสู่การเป็นองค์กรดิจิทัล | F51: บริหารจัดการระบบเทคโนโลยีสารสนเทศและการสื่อสาร | G51: เครื่องทำน้ำเย็น แบบต่อท่อ ขนาด 1 ก๊อก | H51: กปส. | J51: กรุงเทพมหานคร | K51: กลาง | L51: =M51*T51 -> 13700 | M51: =Q51+R51 -> 1 | N51: เครื่อง | O51: P | Q51: 1 | S51: พม/สป-กปส/15-02-08/002/2546 | T51: 13700 | U51: ทดแทนครุภัณฑ์ทะเบียน พม/สป-กปส/15-02-08/002/2546 ซึ่งมีอายุการใช้งาน 23 ปี สภาพเครื่องขึ้นสนิม ปุ่มกดน้ำชำรุด ไม่คุ้มกับค่าซ่อมแซม ใช้ไปนานๆ อาจเกิดอันตรายต่อสุขภาพของเจ้าหน้าที่ ใช้ประโยชน์เพื่อเป็นการอำนวยความสะดวกให้กับเจ้าหน้าที่และผู้มาติดต่อประสานงาน
A52: ครุภัณฑ์ | B52: 2570 | C52: ครุภัณฑ์งานบ้านงานครัว | D52: ยุทธศาสตร์พัฒนาบริการประชาชนและพัฒนาประสิทธิภาพภาครัฐ | E52: ยกระดับองค์กรให้มีผลสัมฤทธิ์สูงสู่การเป็นองค์กรดิจิทัล | F52: บริหารจัดการระบบเทคโนโลยีสารสนเทศและการสื่อสาร | G52: ตู้เย็น ขนาด 5 คิวบิกฟุต | H52: กปส. | J52: กรุงเทพมหานคร | K52: กลาง | L52: =M52*T52 -> 6500 | M52: =Q52+R52 -> 1 | N52: ตู้ | O52: P | Q52: 1 | S52: พม/สป-กปส/15-02-01/001/2546 | T52: 6500 | U52: ทดแทนครุภัณฑ์ทะเบียน พม/สป-กปส/15-02-01/001/2546 ซึ่งมีอายุการใช้งาน 23 ปี ยางขอบประตูเสื่อมไม่สามารถเก็บความเย็นได้ กินไฟ ไม่คุ้มกับค่าซ่อมแซม ใช้ประโยชน์เพื่อเป็นการอำนวยความสะดวกให้กับเจ้าหน้าที่
A53: ครุภัณฑ์ | B53: 2570 | C53: ครุภัณฑ์งานบ้านงานครัว | D53: ยุทธศาสตร์พัฒนาบริการประชาชนและพัฒนาประสิทธิภาพภาครัฐ | E53: ยกระดับองค์กรให้มีผลสัมฤทธิ์สูงสู่การเป็นองค์กรดิจิทัล | F53: บริหารจัดการระบบเทคโนโลยีสารสนเทศและการสื่อสาร | G53: เตาอบไมโครเวฟ | H53: กปส. | J53: กรุงเทพมหานคร | K53: กลาง | L53: =M53*T53 -> 7600 | M53: =Q53+R53 -> 1 | N53: เตา | O53: P | Q53: 1 | S53: พม/สป-กปส/15-01-12/001/2546 | T53: 7600 | U53: ทดแทนครุภัณฑ์ทะเบียน พม/สป-กปส/15-01-12/001/2546 ซึ่งมีอายุการใช้งาน 23 ปี เสื่อมสภาพ ใช้งานไม่ได้ ไม่คุ้มกับค่าซ่อมแซม ใช้ประโยชน์เพื่อเป็นการอำนวยความสะดวกให้กับเจ้าหน้าที่
A54: ครุภัณฑ์ | B54: 2570 | C54: ครุภัณฑ์ยานพาหนะและขนส่ง | D54: ยุทธศาสตร์พัฒนาบริการประชาชนและพัฒนาประสิทธิภาพภาครัฐ | E54: ยกระดับองค์กรให้มีผลสัมฤทธิ์สูงสู่การเป็นองค์กรดิจิทัล | F54: บริหารจัดการระบบเทคโนโลยีสารสนเทศและการสื่อสาร | G54: รถยนต์บรรทุก (ดีเซล) ขนาด 1 ตัน ปริมาตรกระบอกสูบไม่ต่ำกว่า 2,400 ซีซี หรือกำลังเครื่องยนต์สูงสุด ไม่ต่ำกว่า 110 กิโลวัตต์ ขับเคลื่อน 4 ล้อ (ดับเบิ้ลแค็บ) | H54: กปส. | J54: กรุงเทพมหานคร | K54: กลาง | L54: =M54*T54 -> 849500 | M54: =Q54+R54 -> 1 | N54: คัน | O54: P | Q54: 1 | S54: พม/สป-กปส/05-01-04/001/2554 ฎอ 6091 | T54: 849500 | U54: ทดแทนครุภัณฑ์ทะเบียน พม/สป-กปส/05-01-04/001/2554 ซึ่งมีอายุการใช้งาน 16 ปี ช่วงล่างเสื่อมสภาพ เครื่องยนต์เสื่อมสภาพตามระยะเวลา ระยะทางวิ่ง จำนวน 161,534 กิโลเมตร ใช้ประโยชน์เพื่อเป็นการอำนวยความสะดวก และมีความปลอดภัยแก่เจ้าหน้าที่ผู้ปฏิบัติงาน
A55: ครุภัณฑ์ | B55: 2570 | C55: ครุภัณฑ์โฆษณาและเผยแพร่ | D55: ยุทธศาสตร์พัฒนาบริการประชาชนและพัฒนาประสิทธิภาพภาครัฐ | E55: ยกระดับองค์กรให้มีผลสัมฤทธิ์สูงสู่การเป็นองค์กรดิจิทัล | F55: บริหารจัดการระบบเทคโนโลยีสารสนเทศและการสื่อสาร | G55: กล้องถ่ายภาพนิ่ง พร้อมเลนส์ | H55: กปส. | J55: กรุงเทพมหานคร | K55: กลาง | L55: =M55*T55 -> 432000 | M55: =Q55+R55 -> 2 | P55: P | R55: 2 | T55: 216000 | U55: เพื่อเพิ่มจำนวนชุดกล้องให้เพียงพอต่อการรองรับภารกิจสำคัญที่เกิดขึ้นพร้อมกันหลายงาน โดยเฉพาะงานประชาสัมพันธ์และการบันทึกกิจกรรมเร่งด่วน นอกจากนี้ กล้องที่ทันสมัยจะช่วยให้สามารถบันทึกภาพผู้บริหารและบุคคลสำคัญได้อย่างคมชัด มีคุณภาพสูง และได้ภาพที่เป็นมืออาชีพ ตามมาตรฐานการสื่อสารขององค์กร
A56: ครุภัณฑ์ | B56: 2570 | C56: ครุภัณฑ์โฆษณาและเผยแพร่ | D56: ยุทธศาสตร์พัฒนาบริการประชาชนและพัฒนาประสิทธิภาพภาครัฐ | E56: ยกระดับองค์กรให้มีผลสัมฤทธิ์สูงสู่การเป็นองค์กรดิจิทัล | F56: บริหารจัดการระบบเทคโนโลยีสารสนเทศและการสื่อสาร | G56: เลนส์ RF70-200MM F/4L IS USM | H56: กปส. | J56: กรุงเทพมหานคร | K56: กลาง | L56: =M56*T56 -> 70190 | M56: =Q56+R56 -> 1 | P56: P | R56: 1 | T56: 70190 | U56: เพื่อใช้ในการถ่ายภาพระยะไกล (Telephoto) เช่น การถ่ายภาพบุคคลสำคัญ ภาพกิจกรรมบนเวที หรือเหตุการณ์ภาคสนาม เลนส์นี้มีคุณสมบัติในการซูมได้ยืดหยุ่น สร้างภาพหน้าชัดหลังเบลอ (โบเก้) ได้อย่างสวยงาม และมีระบบป้องกันภาพสั่นไหว (IS) ช่วยให้ได้ภาพที่มีคุณภาพสูง คมชัด และมีความเป็นมืออาชีพสำหรับการประชาสัมพันธ์
A57: ครุภัณฑ์ | B57: 2570 | C57: ครุภัณฑ์โฆษณาและเผยแพร่ | D57: ยุทธศาสตร์พัฒนาบริการประชาชนและพัฒนาประสิทธิภาพภาครัฐ | E57: ยกระดับองค์กรให้มีผลสัมฤทธิ์สูงสู่การเป็นองค์กรดิจิทัล | F57: บริหารจัดการระบบเทคโนโลยีสารสนเทศและการสื่อสาร | G57: ฟิลเตอร์ ขนาด 77 MM | H57: กปส. | J57: กรุงเทพมหานคร | K57: กลาง | L57: =M57*T57 -> 2200 | M57: =Q57+R57 -> 2 | P57: P | R57: 2 | T57: 1100 | U57: เพื่อปกป้องหน้าเลนส์จากการกระแทก ฝุ่นละออง และรอยขีดข่วน ซึ่งเป็นสิ่งที่สำคัญอย่างยิ่งในการรักษาคุณภาพและความคงทนของเลนส์ราคาแพง
A58: ครุภัณฑ์ | B58: 2570 | C58: ครุภัณฑ์โฆษณาและเผยแพร่ | D58: ยุทธศาสตร์พัฒนาบริการประชาชนและพัฒนาประสิทธิภาพภาครัฐ | E58: ยกระดับองค์กรให้มีผลสัมฤทธิ์สูงสู่การเป็นองค์กรดิจิทัล | F58: บริหารจัดการระบบเทคโนโลยีสารสนเทศและการสื่อสาร | G58: แบตเตอรี่กล้อง | H58: กปส. | J58: กรุงเทพมหานคร | K58: กลาง | L58: =M58*T58 -> 19200 | M58: =Q58+R58 -> 4 | P58: P | R58: 4 | T58: 4800 | U58: เพื่อเป็นแบตเตอรี่สำรองสำหรับเปลี่ยนใช้งานทันที ในกรณีที่แบตเตอรี่หลักหมดระหว่างการปฏิบัติงาน ทำให้มั่นใจได้ว่าการบันทึกภาพสำคัญจะไม่สะดุดหรือหยุดชะงัก
A59: ครุภัณฑ์ | B59: 2570 | C59: ครุภัณฑ์โฆษณาและเผยแพร่ | D59: ยุทธศาสตร์พัฒนาบริการประชาชนและพัฒนาประสิทธิภาพภาครัฐ | E59: ยกระดับองค์กรให้มีผลสัมฤทธิ์สูงสู่การเป็นองค์กรดิจิทัล | F59: บริหารจัดการระบบเทคโนโลยีสารสนเทศและการสื่อสาร | G59: แบตเตอรี่แฟลช | H59: กปส. | J59: กรุงเทพมหานคร | K59: กลาง | L59: =M59*T59 -> 18000 | M59: =Q59+R59 -> 3 | P59: P | R59: 3 | T59: 6000 | U59: เพื่อใช้เป็นแบตเตอรี่สำรองเฉพาะรุ่นสำหรับแฟลช Speedlite EL-1 ช่วยให้สามารถยิงแฟลชซ้ำได้อย่างรวดเร็วและต่อเนื่อง (Fast Recycle Time) และรองรับการยิงแฟลชเต็มกำลังได้ยาวนาน เพิ่มความพร้อมในการทำงานของแฟลช เพื่อให้การถ่ายภาพในสภาวะแสงน้อยเป็นไปอย่างมีประสิทธิภาพสูงสุด
A60: ครุภัณฑ์ | B60: 2570 | C60: ครุภัณฑ์โฆษณาและเผยแพร่ | D60: ยุทธศาสตร์พัฒนาบริการประชาชนและพัฒนาประสิทธิภาพภาครัฐ | E60: ยกระดับองค์กรให้มีผลสัมฤทธิ์สูงสู่การเป็นองค์กรดิจิทัล | F60: บริหารจัดการระบบเทคโนโลยีสารสนเทศและการสื่อสาร | G60: แฟลชกล้อง | H60: กปส. | J60: กรุงเทพมหานคร | K60: กลาง | L60: =M60*T60 -> 35000 | M60: =Q60+R60 -> 2 | P60: P | R60: 2 | T60: 17500 | U60: เพื่อใช้เป็นแหล่งกำเนิดแสงเสริมสำหรับปรับปรุงคุณภาพของภาพถ่ายในสภาวะแสงน้อยหรือในอาคาร ช่วยให้ภาพมีความสว่างเพียงพอและสีสันไม่ผิดเพี้ยนตามวัตถุประสงค์ของการประชาสัมพันธ์
A61: ครุภัณฑ์ | B61: 2570 | C61: ครุภัณฑ์โฆษณาและเผยแพร่ | D61: ยุทธศาสตร์พัฒนาบริการประชาชนและพัฒนาประสิทธิภาพภาครัฐ | E61: ยกระดับองค์กรให้มีผลสัมฤทธิ์สูงสู่การเป็นองค์กรดิจิทัล | F61: บริหารจัดการระบบเทคโนโลยีสารสนเทศและการสื่อสาร | G61: เมมโมรี่การ์ด 64 GB | H61: กปส. | J61: กรุงเทพมหานคร | K61: กลาง | L61: =M61*T61 -> 8000 | M61: =Q61+R61 -> 2 | P61: P | R61: 2 | T61: 4000 | U61: เพื่อใช้เป็นหน่วยจัดเก็บข้อมูลภาพถ่ายและวิดีโอความละเอียดสูงที่ถ่ายด้วยกล้องได้อย่างรวดเร็วและมีประสิทธิภาพ มีความจุเพียงพอต่อการบันทึกงานสำคัญตลอดทั้งวัน
A62: ครุภัณฑ์ | B62: 2570 | C62: ครุภัณฑ์โฆษณาและเผยแพร่ | D62: ยุทธศาสตร์พัฒนาบริการประชาชนและพัฒนาประสิทธิภาพภาครัฐ | E62: ยกระดับองค์กรให้มีผลสัมฤทธิ์สูงสู่การเป็นองค์กรดิจิทัล | F62: บริหารจัดการระบบเทคโนโลยีสารสนเทศและการสื่อสาร | G62: ขาตั้งกล้อง | H62: กปส. | J62: กรุงเทพมหานคร | K62: กลาง | L62: =M62*T62 -> 12600 | M62: =Q62+R62 -> 1 | P62: P | R62: 1 | T62: 12600 | U62: เพื่อช่วยในการตั้งกล้องให้นิ่งและมั่นคง สำหรับการถ่ายภาพที่ต้องใช้ความเร็วชัตเตอร์ต่ำ การถ่ายวิดีโอ หรือการถ่ายทอดสด ทำให้ได้ภาพที่มีความคมชัดและไม่สั่นไหว
A63: ครุภัณฑ์ | B63: 2570 | C63: ครุภัณฑ์โฆษณาและเผยแพร่ | D63: ยุทธศาสตร์พัฒนาบริการประชาชนและพัฒนาประสิทธิภาพภาครัฐ | E63: ยกระดับองค์กรให้มีผลสัมฤทธิ์สูงสู่การเป็นองค์กรดิจิทัล | F63: บริหารจัดการระบบเทคโนโลยีสารสนเทศและการสื่อสาร | G63: ตู้กันชื้น 160 ลิตร | H63: กปส. | J63: กรุงเทพมหานคร | K63: กลาง | L63: =M63*T63 -> 25800 | M63: =Q63+R63 -> 2 | P63: P | R63: 2 | T63: 12900 | U63: เพื่อใช้สำหรับจัดเก็บและควบคุมความชื้น ของกล้อง เลนส์ และอุปกรณ์ถ่ายภาพทั้งหมด ป้องกันการเกิดเชื้อรา ซึ่งเป็นสาเหตุหลักที่ทำให้อุปกรณ์เสียหายและมีอายุการใช้งานสั้นลง ถือเป็นการบำรุงรักษาครุภัณฑ์ให้พร้อมใช้งานและยืดอายุการใช้งาน
A64: ครุภัณฑ์ | B64: 2570 | C64: ครุภัณฑ์โฆษณาและเผยแพร่ | D64: ยุทธศาสตร์พัฒนาบริการประชาชนและพัฒนาประสิทธิภาพภาครัฐ | E64: ยกระดับองค์กรให้มีผลสัมฤทธิ์สูงสู่การเป็นองค์กรดิจิทัล | F64: บริหารจัดการระบบเทคโนโลยีสารสนเทศและการสื่อสาร | G64: แท่น Podium พร้อมโลโก้กระทรวง | H64: กปส. | J64: กรุงเทพมหานคร | K64: กลาง | L64: =M64*T64 -> 120000 | M64: =Q64+R64 -> 2 | P64: P | R64: 2 | T64: 60000 | U64: เพื่อใช้เป็นจุดยืนสำหรับผู้บรรยาย/ประธานในพิธี ในการจัดงานประชุม สัมมนา และพิธีการต่าง ๆ ของกระทรวงเสริมสร้างภาพลักษณ์ที่เป็นทางการ น่าเชื่อถือ และมีความสง่างามสอดคล้องกับมาตรฐานของกระทรวง
A65: ครุภัณฑ์ | B65: 2570 | C65: ครุภัณฑ์โฆษณาและเผยแพร่ | D65: ยุทธศาสตร์พัฒนาบริการประชาชนและพัฒนาประสิทธิภาพภาครัฐ | E65: ยกระดับองค์กรให้มีผลสัมฤทธิ์สูงสู่การเป็นองค์กรดิจิทัล | F65: บริหารจัดการระบบเทคโนโลยีสารสนเทศและการสื่อสาร | G65: ไมค์สำหรับบันทึกเสียง ไมโครโฟนชนิด Dynamic | H65: กปส. | J65: กรุงเทพมหานคร | K65: กลาง | L65: =M65*T65 -> 30000 | M65: =Q65+R65 -> 2 | P65: P | R65: 2 | T65: 15000 | U65: เพื่อสนับสนุนการดำเนินงานด้านประชาสัมพันธ์และการผลิตสื่อของหน่วยงาน ให้บุคลากรสามารถบันทึกเสียงและจัดทำสื่อเสียงได้อย่างมีคุณภาพตามมาตรฐานวิชาชีพ จึงมีความจำเป็นต้องจัดซื้อไมโครโฟนชนิด Dynamic (เช่น SHURE SM7B หรือคุณภาพเทียบเท่า) ซึ่งให้เสียงพูดที่คมชัด ลดเสียงรบกวน เหมาะสมกับการใช้งานผลิตสื่อเผยแพร่ของกระทรวง
A66: ครุภัณฑ์ | B66: 2570 | C66: ครุภัณฑ์โฆษณาและเผยแพร่ | D66: ยุทธศาสตร์พัฒนาบริการประชาชนและพัฒนาประสิทธิภาพภาครัฐ | E66: ยกระดับองค์กรให้มีผลสัมฤทธิ์สูงสู่การเป็นองค์กรดิจิทัล | F66: บริหารจัดการระบบเทคโนโลยีสารสนเทศและการสื่อสาร | G66: สายไมโครโฟน แบบ XLR (M) -- XLR (F) ยาว 5 เมตร | H66: กปส. | J66: กรุงเทพมหานคร | K66: กลาง | L66: =M66*T66 -> 1400 | M66: =Q66+R66 -> 2 | P66: P | R66: 2 | T66: 700 | U66: เพื่อใช้เป็นสายสัญญาณหลักในการเชื่อมต่อระหว่างไมโครโฟนและอุปกรณ์บันทึกเสียง/มิกเซอร์ ทำให้สามารถรับส่งสัญญาณเสียงได้อย่างมีคุณภาพและเสถียรภาพในการปฏิบัติงาน เช่น การสัมภาษณ์ การประชุม หรือการผลิตสื่อภายในสำนักงาน
... A81: ครุภัณฑ์ | B81: 2570 | C81: ครุภัณฑ์โฆษณาและเผยแพร่ | D81: ยุทธศาสตร์พัฒนาบริการประชาชนและพัฒนาประสิทธิภาพภาครัฐ | E81: ยกระดับองค์กรให้มีผลสัมฤทธิ์สูงสู่การเป็นองค์กรดิจิทัล | F81: บริหารจัดการระบบเทคโนโลยีสารสนเทศและการสื่อสาร | G81: โทรทัศน์แอล อีดี(LED TV) แบบ Smart TV | H81: กปส. | J81: กรุงเทพมหานคร | K81: กลาง | L81: =M81*T81 -> 15000 | M81: =Q81+R81 -> 1 | P81: P | R81: 1 | T81: 15000 | U81: ติดตามข่าวสาร ที่เสนอผ่านสื่อช่องต่างๆ เพิ่มประสิทธิภาพการเผยแพร่ข้อมูล ข่าวสาร ประชาสัมพันธ์ได้ทันต่อสถานการณ์ในปัจจุบันและตอบสนองผู้ใช้บริการเป็นอย่างดี
A82: ครุภัณฑ์ | B82: 2570 | C82: ครุภัณฑ์สำนักงาน | E82: ช่วยเหลือผู้ประสบปัญหาทางสังคม | F82: ส่งเสริม ประสาน และดำเนินการช่วยเหลือผู้ประสบปัญหาทางสังคม | G82: เครื่องถ่ายเอกสารระบบดิจิตอล (ขาว-ดำ) ความเร็ว 40 แผ่นต่อนาที | H82: พมจ.นราธิวาส | J82: นราธิวาส | K82: ใต้ | L82: =M82*T82 -> 180000 | M82: =Q82+R82 -> 1 | N82: เครื่อง | O82: P | R82: 1 | T82: 180000 | U82: จัดซื้อใหม่เพื่อเพิ่มประสิทธภาพในการปฏิบัติงาน
A83: ครุภัณฑ์ | B83: 2570 | C83: ครุภัณฑ์สำนักงาน | E83: ช่วยเหลือผู้ประสบปัญหาทางสังคม | F83: ส่งเสริม ประสาน และดำเนินการช่วยเหลือผู้ประสบปัญหาทางสังคม | G83: เครื่องถ่ายเอกสารระบบดิจิตอล (ขาว-ดำ) ความเร็ว 40 แผ่นต่อนาที | H83: พมจ.ลำพูน | J83: ลำพูน | K83: เหนือ | L83: =M83*T83 -> 180000 | M83: =Q83+R83 -> 1 | N83: เครื่อง | O83: P | R83: 1 | T83: 180000 | U83: เครื่องพิมพ์ที่ ศทส. จัดสรรให้มามีจำนวนไม่เพียงพอ รวมถึงค่าใช้จ่ายในการซื้อหมึกพิมพ์สูง
A84: ครุภัณฑ์ | B84: 2570 | C84: ครุภัณฑ์สำนักงาน | E84: ช่วยเหลือผู้ประสบปัญหาทางสังคม | F84: ส่งเสริม ประสาน และดำเนินการช่วยเหลือผู้ประสบปัญหาทางสังคม | G84: เครื่องถ่ายเอกสารระบบดิจิตอล (ขาว-ดำ) ความเร็ว 50 แผ่นต่อนาที | H84: พมจ.สมุทรสงคราม | J84: สมุทรสงคราม | K84: กลาง | L84: =M84*T84 -> 200000 | M84: =Q84+R84 -> 1 | N84: เครื่อง | O84: P | R84: 1 | T84: 200000 | U84: จัดซื้อใหม่เพื่อเพิ่มประสิทธภาพในการปฏิบัติงาน
A85: ครุภัณฑ์ | B85: 2570 | C85: ครุภัณฑ์สำนักงาน | E85: ช่วยเหลือผู้ประสบปัญหาทางสังคม | F85: ส่งเสริม ประสาน และดำเนินการช่วยเหลือผู้ประสบปัญหาทางสังคม | G85: เครื่องถ่ายเอกสารระบบดิจิตอล (ขาว-ดำ) ความเร็ว 50 แผ่นต่อนาที | H85: พมจ.กาญจนบุรี | J85: กาญจนบุรี | K85: กลาง | L85: =M85*T85 -> 200000 | M85: =Q85+R85 -> 1 | N85: เครื่อง | O85: P | Q85: 1 | S85: พม/พมจ-กจ/ 04-06-01/001/2561 | T85: 200000 | U85: ทดแทนหมายเลข พม/พมจ-กจ/04-06-01/001/2561 ที่ชำรุด หากซ่อมแซมจะไม่คุ้ม เพราะเสียค่าใช้จ่ายสูง ซึ่งจัดซื้อมาตั้งแต่ปี 2561
A86: ครุภัณฑ์ | B86: 2570 | C86: ครุภัณฑ์สำนักงาน | E86: ช่วยเหลือผู้ประสบปัญหาทางสังคม | F86: ส่งเสริม ประสาน และดำเนินการช่วยเหลือผู้ประสบปัญหาทางสังคม | G86: เครื่องถ่ายเอกสารระบบดิจิตอล (ขาว-ดำ) ความเร็ว 50 แผ่นต่อนาที | H86: พมจ.ตาก | J86: ตาก | K86: กลาง | L86: =M86*T86 -> 200000 | M86: =Q86+R86 -> 1 | N86: เครื่อง | O86: P | R86: 1 | T86: 200000 | U86: สำหรับใช้ในการปฏิบัติงานของ จนท.พมจ.ตาก
A87: ครุภัณฑ์ | B87: 2570 | C87: ครุภัณฑ์สำนักงาน | E87: ช่วยเหลือผู้ประสบปัญหาทางสังคม | F87: ส่งเสริม ประสาน และดำเนินการช่วยเหลือผู้ประสบปัญหาทางสังคม | G87: เครื่องถ่ายเอกสารระบบดิจิตอล (ขาว-ดำ และสี) ความเร็ว 30 แผ่นต่อนาที | H87: พมจ.ชลบุรี | J87: ชลบุรี | K87: กลาง | L87: =M87*T87 -> 250000 | M87: =Q87+R87 -> 1 | N87: เครื่อง | O87: P | R87: 1 | T87: 250000 | U87: จัดซื้อใหม่เพื่อเพิ่มประสิทธภาพในการปฏิบัติงาน
A88: ครุภัณฑ์ | B88: 2570 | C88: ครุภัณฑ์สำนักงาน | E88: ช่วยเหลือผู้ประสบปัญหาทางสังคม | F88: ส่งเสริม ประสาน และดำเนินการช่วยเหลือผู้ประสบปัญหาทางสังคม | G88: เครื่องถ่ายเอกสารระบบดิจิตอล (ขาว-ดำ) ความเร็ว 30 แผ่นต่อนาที | H88: พมจ.สระแก้ว | J88: สระแก้ว | K88: กลาง | L88: =M88*T88 -> 120000 | M88: =Q88+R88 -> 1 | N88: เครื่อง | O88: P | Q88: 1 | S88: พม/พมจ-สก/ 04-06-01/001/2557 | T88: 120000 | U88: ทดแทนหมายเลข พม/พมจ-สก/04-06-01/001/2557 ซึ่งมีอายุ การใช้งาน 13 ปี ไม่คุ้มค่าซ่อม
A89: ครุภัณฑ์ | B89: 2570 | C89: ครุภัณฑ์สำนักงาน | E89: ช่วยเหลือผู้ประสบปัญหาทางสังคม | F89: ส่งเสริม ประสาน และดำเนินการช่วยเหลือผู้ประสบปัญหาทางสังคม | G89: เครื่องถ่ายเอกสารระบบดิจิตอล (ขาว-ดำ) ความเร็ว 30 แผ่นต่อนาที | H89: พมจ.อ่างทอง | J89: อ่างทอง | K89: กลาง | L89: =M89*T89 -> 120000 | M89: =Q89+R89 -> 1 | N89: เครื่อง | O89: P | Q89: 1 | S89: พม/พมจ-อท/04-06-01/001/2556 | T89: 120000 | U89: ทดแทนหมายเลข พม/พมจ-อท/04-06-01/001/2556 ซึ่งมีอายุ การใช้งาน 12 ปี ไม่คุ้มค่าซ่อม
A90: ครุภัณฑ์ | B90: 2570 | C90: ครุภัณฑ์สำนักงาน | E90: ช่วยเหลือผู้ประสบปัญหาทางสังคม | F90: ส่งเสริม ประสาน และดำเนินการช่วยเหลือผู้ประสบปัญหาทางสังคม | G90: เครื่องถ่ายเอกสารระบบดิจิตอล (ขาว-ดำ) ความเร็ว 30 แผ่นต่อนาที | H90: พมจ.ยโสธร | J90: ยโสธร | K90: ตะวันออกเฉียงเหนือ | L90: =M90*T90 -> 120000 | M90: =Q90+R90 -> 1 | N90: เครื่อง | O90: P | R90: 1 | T90: 120000 | U90: จัดซื้อใหม่เพื่อเพิ่มประสิทธภาพในการปฏิบัติงาน
A91: ครุภัณฑ์ | B91: 2570 | C91: ครุภัณฑ์สำนักงาน | E91: ช่วยเหลือผู้ประสบปัญหาทางสังคม | F91: ส่งเสริม ประสาน และดำเนินการช่วยเหลือผู้ประสบปัญหาทางสังคม | G91: เครื่องพิมพ์สําเนาระบบดิจิทัล ความละเอียด 300 x 600 จุดต่อตารางนิ้ว | H91: พมจ.นราธิวาส | J91: นราธิวาส | K91: ใต้ | L91: =M91*T91 -> 180000 | M91: =Q91+R91 -> 1 | N91: เครื่อง | O91: P | R91: 1 | T91: 180000 | U91: จัดซื้อใหม่เพื่อเพิ่มประสิทธภาพในการปฏิบัติงาน
A92: ครุภัณฑ์ | B92: 2570 | C92: ครุภัณฑ์สำนักงาน | E92: ช่วยเหลือผู้ประสบปัญหาทางสังคม | F92: ส่งเสริม ประสาน และดำเนินการช่วยเหลือผู้ประสบปัญหาทางสังคม | G92: เครื่องดูดฝุ่น ขนาด 15 ลิตร | H92: พมจ.อุดรธานี | J92: อุดรธานี | K92: ตะวันออกเฉียงเหนือ | L92: =M92*T92 -> 8600 | M92: =Q92+R92 -> 1 | N92: เครื่อง | O92: P | R92: 1 | T92: 8600 | U92: ใช้ในการทำความสะอาดสำนักงาน ในส่วนที่ไม่สามารถใช้ไม้กวาดทำความสะอาดได้ เพื่อสุขอนามัยที่ดีของบุคลากรและผู้เข้ารับบริการและความเป็นระเบียบเรียบร้อยของสำนักงาน และ รวมถึงการทำความสะอาดรถยนต์ราชการด้วย
A93: ครุภัณฑ์ | B93: 2570 | C93: ครุภัณฑ์สำนักงาน | E93: ช่วยเหลือผู้ประสบปัญหาทางสังคม | F93: ส่งเสริม ประสาน และดำเนินการช่วยเหลือผู้ประสบปัญหาทางสังคม | G93: เครื่องดูดฝุ่น ขนาด 15 ลิตร | H93: พมจ.ลพบุรี | J93: ลพบุรี | K93: กลาง | L93: =M93*T93 -> 8000 | M93: =Q93+R93 -> 1 | N93: เครื่อง | P93: P | R93: 1 | T93: 8000 | U93: เพื่อใช้ในการทำความสะอาด สนง.
A94: ครุภัณฑ์ | B94: 2570 | C94: ครุภัณฑ์สำนักงาน | E94: ช่วยเหลือผู้ประสบปัญหาทางสังคม | F94: ส่งเสริม ประสาน และดำเนินการช่วยเหลือผู้ประสบปัญหาทางสังคม | G94: เครื่องดูดฝุ่น ขนาด 15 ลิตร | H94: พมจ.ระนอง | J94: ระนอง | K94: ใต้ | L94: =M94*T94 -> 8600 | M94: =Q94+R94 -> 1 | N94: เครื่อง | O94: P | R94: 1 | T94: 8600 | U94: เพื่อใช้ในการทำความสะอาด สนง.
A95: ครุภัณฑ์ | B95: 2570 | C95: ครุภัณฑ์สำนักงาน | E95: ช่วยเหลือผู้ประสบปัญหาทางสังคม | F95: ส่งเสริม ประสาน และดำเนินการช่วยเหลือผู้ประสบปัญหาทางสังคม | G95: เครื่องดูดฝุ่น ขนาด 15 ลิตร | H95: พมจ.เลย | J95: เลย | K95: ตะวันออกเฉียงเหนือ | L95: =M95*T95 -> 8600 | M95: =Q95+R95 -> 1 | N95: เครื่อง | O95: P | R95: 1 | T95: 8600 | U95: เพื่อใช้ในการทำความสะอาด สนง.
A96: ครุภัณฑ์ | B96: 2570 | C96: ครุภัณฑ์สำนักงาน | E96: ช่วยเหลือผู้ประสบปัญหาทางสังคม | F96: ส่งเสริม ประสาน และดำเนินการช่วยเหลือผู้ประสบปัญหาทางสังคม | G96: เครื่องดูดฝุ่น ขนาด 25 ลิตร | H96: พมจ.เชียงใหม่ | J96: เชียงใหม่ | K96: เหนือ | L96: =M96*T96 -> 13700 | M96: =Q96+R96 -> 1 | N96: เครื่อง | O96: P | R96: 1 | T96: 13700 | U96: มีความจำเป็นในการปฏิบัติงานของเจ้าหน้าที่
A97: ครุภัณฑ์ | B97: 2570 | C97: ครุภัณฑ์สำนักงาน | E97: ช่วยเหลือผู้ประสบปัญหาทางสังคม | F97: ส่งเสริม ประสาน และดำเนินการช่วยเหลือผู้ประสบปัญหาทางสังคม | G97: เครื่องดูดฝุ่น ขนาด 25 ลิตร | H97: พมจ.อุตรดิตถ์ | J97: อุตรดิตถ์ | K97: เหนือ | L97: =M97*T97 -> 13700 | M97: =Q97+R97 -> 1 | N97: เครื่อง | O97: P | R97: 1 | T97: 13700 | U97: เพื่อใช้ในการทำความสะอาด สนง.
A98: ครุภัณฑ์ | B98: 2570 | C98: ครุภัณฑ์สำนักงาน | E98: ช่วยเหลือผู้ประสบปัญหาทางสังคม | F98: ส่งเสริม ประสาน และดำเนินการช่วยเหลือผู้ประสบปัญหาทางสังคม | G98: เครื่องดูดฝุ่น ขนาด 25 ลิตร | H98: พมจ.ลำปาง | J98: ลำปาง | K98: เหนือ | L98: =M98*T98 -> 13700 | M98: =Q98+R98 -> 1 | N98: เครื่อง | O98: P | R98: 1 | T98: 13700 | U98: เพื่อใช้ในการทำความสะอาด สนง.
A99: ครุภัณฑ์ | B99: 2570 | C99: ครุภัณฑ์สำนักงาน | E99: ช่วยเหลือผู้ประสบปัญหาทางสังคม | F99: ส่งเสริม ประสาน และดำเนินการช่วยเหลือผู้ประสบปัญหาทางสังคม | G99: เครื่องดูดฝุ่น ขนาด 25 ลิตร | H99: พมจ.นครราชสีมา | J99: นครราชสีมา | K99: ตะวันออกเฉียงเหนือ | L99: =M99*T99 -> 13700 | M99: =Q99+R99 -> 1 | N99: เครื่อง | O99: P | R99: 1 | T99: 13700 | U99: เพื่อใช้ในการทำความสะอาด สนง.
A100: ครุภัณฑ์ | B100: 2570 | C100: ครุภัณฑ์สำนักงาน | E100: ช่วยเหลือผู้ประสบปัญหาทางสังคม | F100: ส่งเสริม ประสาน และดำเนินการช่วยเหลือผู้ประสบปัญหาทางสังคม | G100: เครื่องดูดฝุ่น ขนาด 25 ลิตร | H100: พมจ.ลำพูน | J100: ลำพูน | K100: เหนือ | L100: =M100*T100 -> 13800 | M100: =Q100+R100 -> 1 | N100: เครื่อง | P100: P | R100: 1 | T100: 13800 | U100: ทำความสะอาดภายใน สนง. ตามนโยบายปลอดฝุ่น PM 2.0
A101: ครุภัณฑ์ | B101: 2570 | C101: ครุภัณฑ์สำนักงาน | E101: ช่วยเหลือผู้ประสบปัญหาทางสังคม | F101: ส่งเสริม ประสาน และดำเนินการช่วยเหลือผู้ประสบปัญหาทางสังคม | G101: เครื่องดูดฝุ่น ขนาด 25 ลิตร | H101: พมจ.ตาก | J101: ตาก | K101: กลาง | L101: =M101*T101 -> 13700 | M101: =Q101+R101 -> 1 | N101: เครื่อง | O101: P | R101: 1 | T101: 13700 | U101: สำหรับใช้ในการปฏิบัติงานของ พนักงานทำความสะอาด
A102: ครุภัณฑ์ | B102: 2570 | C102: ครุภัณฑ์สำนักงาน | E102: ช่วยเหลือผู้ประสบปัญหาทางสังคม | F102: ส่งเสริม ประสาน และดำเนินการช่วยเหลือผู้ประสบปัญหาทางสังคม | G102: เครื่องขัดพื้น | H102: พมจ.เลย | J102: เลย | K102: ตะวันออกเฉียงเหนือ | L102: =M102*T102 -> 21000 | M102: =Q102+R102 -> 1 | N102: เครื่อง | O102: P | R102: 1 | T102: 21000 | U102: เพื่อใช้ในการทำความสะอาด สนง.
A103: ครุภัณฑ์ | B103: 2570 | C103: ครุภัณฑ์สำนักงาน | E103: ช่วยเหลือผู้ประสบปัญหาทางสังคม | F103: ส่งเสริม ประสาน และดำเนินการช่วยเหลือผู้ประสบปัญหาทางสังคม | G103: เครื่องทําลายเอกสาร แบบตัดละเอียด ทําลายครั้งละ 30 แผ่น | H103: พมจ.ประจวบคีรีขันธ์ | J103: ประจวบคีรีขันธ์ | K103: กลาง | L103: =M103*T103 -> 67000 | M103: =Q103+R103 -> 1 | N103: เครื่อง | O103: P | R103: 1 | T103: 67000 | U103: ทดแทนเครื่องเดิมที่ชำรุด เสียค่าซ่อมแซมบำรุงรักษามาก ไม่คุ้มค่าใช้จ่าย
A104: ครุภัณฑ์ | B104: 2570 | C104: ครุภัณฑ์สำนักงาน | E104: ช่วยเหลือผู้ประสบปัญหาทางสังคม | F104: ส่งเสริม ประสาน และดำเนินการช่วยเหลือผู้ประสบปัญหาทางสังคม | G104: เครื่องทําลายเอกสาร แบบตัดละเอียด ทําลายครั้งละ 30 แผ่น | H104: พมจ.นครนายก | J104: นครนายก | K104: กลาง | L104: =M104*T104 -> 67000 | M104: =Q104+R104 -> 1 | N104: เครื่อง | O104: P | Q104: 1 | T104: 67000 | U104: ทดแทนเครื่องเดิมที่ชำรุด เสียค่าซ่อมแซมบำรุงรักษามาก ไม่คุ้มค่าใช้จ่าย
A105: ครุภัณฑ์ | B105: 2570 | C105: ครุภัณฑ์สำนักงาน | E105: ช่วยเหลือผู้ประสบปัญหาทางสังคม | F105: ส่งเสริม ประสาน และดำเนินการช่วยเหลือผู้ประสบปัญหาทางสังคม | G105: เครื่องทําลายเอกสาร แบบตัดละเอียด ทําลายครั้งละ 30 แผ่น | H105: พมจ.ปทุมธานี | J105: ปทุมธานี | K105: กลาง | L105: =M105*T105 -> 67000 | M105: =Q105+R105 -> 1 | N105: เครื่อง | O105: P | Q105: 1 | T105: 67000 | U105: จัดซื้อใหม่ ใช้ทำลายเอกสารที่ไม่ใช้แล้ว
A106: ครุภัณฑ์ | B106: 2570 | C106: ครุภัณฑ์สำนักงาน | E106: ช่วยเหลือผู้ประสบปัญหาทางสังคม | F106: ส่งเสริม ประสาน และดำเนินการช่วยเหลือผู้ประสบปัญหาทางสังคม | G106: เครื่องทําลายเอกสาร แบบตัดละเอียด ทําลายครั้งละ 30 แผ่น | H106: พมจ.อุตรดิตถ์ | J106: อุตรดิตถ์ | K106: เหนือ | L106: =M106*T106 -> 67000 | M106: =Q106+R106 -> 1 | N106: เครื่อง | O106: P | R106: 1 | T106: 67000 | U106: จัดซื้อใหม่ ใช้ทำลายเอกสารที่ไม่ใช้แล้ว
A107: ครุภัณฑ์ | B107: 2570 | C107: ครุภัณฑ์สำนักงาน | E107: ช่วยเหลือผู้ประสบปัญหาทางสังคม | F107: ส่งเสริม ประสาน และดำเนินการช่วยเหลือผู้ประสบปัญหาทางสังคม | G107: เครื่องทําลายเอกสาร แบบตัดละเอียด ทําลายครั้งละ 30 แผ่น | H107: พมจ.นครสวรรค์ | J107: นครสวรรค์ | K107: กลาง | L107: =M107*T107 -> 126000 | M107: =Q107+R107 -> 2 | N107: เครื่อง | P107: P | R107: 2 | T107: 63000 | U107: จัดซื้อใหม่ ใช้ทำลายเอกสารที่ไม่ใช้แล้ว
A108: ครุภัณฑ์ | B108: 2570 | C108: ครุภัณฑ์สำนักงาน | E108: ช่วยเหลือผู้ประสบปัญหาทางสังคม | F108: ส่งเสริม ประสาน และดำเนินการช่วยเหลือผู้ประสบปัญหาทางสังคม | G108: เครื่องทําลายเอกสาร แบบตัดละเอียด ทําลายครั้งละ 30 แผ่น | H108: พมจ.หนองบัวลำภู | J108: หนองบัวลำภู | K108: ตะวันออกเฉียงเหนือ | L108: =M108*T108 -> 67000 | M108: =Q108+R108 -> 1 | N108: เครื่อง | O108: P | R108: 1 | T108: 67000 | U108: จัดซื้อใหม่ ใช้ทำลายเอกสารที่ไม่ใช้แล้ว
A109: ครุภัณฑ์ | B109: 2570 | C109: ครุภัณฑ์สำนักงาน | E109: ช่วยเหลือผู้ประสบปัญหาทางสังคม | F109: ส่งเสริม ประสาน และดำเนินการช่วยเหลือผู้ประสบปัญหาทางสังคม | G109: เครื่องทําลายเอกสาร แบบตัดละเอียด ทําลายครั้งละ 30 แผ่น | H109: พมจ.นครราชสีมา | J109: นครราชสีมา | K109: ตะวันออกเฉียงเหนือ | L109: =M109*T109 -> 67000 | M109: =Q109+R109 -> 1 | N109: เครื่อง | O109: P | R109: 1 | T109: 67000 | U109: จัดซื้อใหม่ ใช้ทำลายเอกสารที่ไม่ใช้แล้ว
A110: ครุภัณฑ์ | B110: 2570 | C110: ครุภัณฑ์สำนักงาน | E110: ช่วยเหลือผู้ประสบปัญหาทางสังคม | F110: ส่งเสริม ประสาน และดำเนินการช่วยเหลือผู้ประสบปัญหาทางสังคม | G110: เครื่องทําลายเอกสาร แบบตัดละเอียด ทําลายครั้งละ 30 แผ่น | H110: พมจ.ภูเก็ต | J110: ภูเก็ต | K110: ใต้ | L110: =M110*T110 -> 67000 | M110: =Q110+R110 -> 1 | N110: เครื่อง | O110: P | R110: 1 | T110: 67000 | U110: จัดซื้อใหม่ ใช้ทำลายเอกสารที่ไม่ใช้แล้ว
A111: ครุภัณฑ์ | B111: 2570 | C111: ครุภัณฑ์สำนักงาน | E111: ช่วยเหลือผู้ประสบปัญหาทางสังคม | F111: ส่งเสริม ประสาน และดำเนินการช่วยเหลือผู้ประสบปัญหาทางสังคม | G111: เครื่องทําลายเอกสาร แบบตัดละเอียด ทําลายครั้งละ 30 แผ่น | H111: พมจ.สตูล | J111: สตูล | K111: ใต้ | L111: =M111*T111 -> 67000 | M111: =Q111+R111 -> 1 | N111: เครื่อง | O111: P | R111: 1 | T111: 67000 | U111: จัดซื้อใหม่ ใช้ทำลายเอกสารที่ไม่ใช้แล้ว
A112: ครุภัณฑ์ | B112: 2570 | C112: ครุภัณฑ์สำนักงาน | E112: ช่วยเหลือผู้ประสบปัญหาทางสังคม | F112: ส่งเสริม ประสาน และดำเนินการช่วยเหลือผู้ประสบปัญหาทางสังคม | G112: เครื่องทําลายเอกสาร แบบตัดละเอียด ทําลายครั้งละ 30 แผ่น | H112: พมจ.ลำพูน | J112: ลำพูน | K112: เหนือ | L112: =M112*T112 -> 67000 | M112: =Q112+R112 -> 1 | N112: เครื่อง | O112: P | R112: 1 | T112: 67000 | U112: จัดซื้อใหม่ ใช้งานทุกกลุ่ม/ฝ่าย ยังไม่เคยมีใช้งาน
A113: ครุภัณฑ์ | B113: 2570 | C113: ครุภัณฑ์สำนักงาน | E113: ช่วยเหลือผู้ประสบปัญหาทางสังคม | F113: ส่งเสริม ประสาน และดำเนินการช่วยเหลือผู้ประสบปัญหาทางสังคม | G113: เครื่องทําลายเอกสาร แบบตัดละเอียด ทําลายครั้งละ 30 แผ่น | H113: พมจ.ชุมพร | J113: ชุมพร | K113: ใต้ | L113: =M113*T113 -> 67000 | M113: =Q113+R113 -> 1 | N113: เครื่อง | O113: P | R113: 1 | T113: 67000 | U113: จัดซื้อใหม่ ใช้งานทุกกลุ่ม/ฝ่าย ยังไม่เคยมีใช้งาน
A114: ครุภัณฑ์ | B114: 2570 | C114: ครุภัณฑ์สำนักงาน | E114: ช่วยเหลือผู้ประสบปัญหาทางสังคม | F114: ส่งเสริม ประสาน และดำเนินการช่วยเหลือผู้ประสบปัญหาทางสังคม | G114: เครื่องทําลายเอกสาร แบบตัดละเอียด ทําลายครั้งละ 30 แผ่น | H114: พมจ.มหาสารคาม | J114: มหาสารคาม | K114: ตะวันออกเฉียงเหนือ | L114: =M114*T114 -> 67000 | M114: =Q114+R114 -> 1 | N114: เครื่อง | O114: P | R114: 1 | T114: 67000 | U114: จัดซื้อใหม่ ใช้งานทุกกลุ่ม/ฝ่าย ยังไม่เคยมีใช้งาน
...

Sheet BudgetData (สูตร)
A1: BudgetID | B1: ปี | C1: ประเภทงบ | D1: หมวด | E1: รายการ | F1: หน่วยงาน | G1: จังหวัด | H1: ทดแทนจำนวน | I1: เพิ่มประสิทธิภาพจำนวน | J1: รวมคำขอทั้งสิ้น | K1: งบประมาณ | L1: ประเภทคำขอ
A2: B000001 | B2: =[1]!Table2[[#This Row],[ปีงบประมาณ]] -> 2567 | C2: ครุภัณฑ์ | D2: =[1]!Table2[[#This Row],[หมวดครุภัณฑ์]] -> ยานพาหนะและขนส่ง | E2: =[1]!Table2[[#This Row],[รายการ]] -> รถโดยสาร ขนาด 12 ที่นั่ง (ดีเซล) ปริมาตรกระบอกสูบไม่ต่ำกว่า 2,400 ซีซี หรือกำลังเครื่องยนต์สูงสุดไม่ต่ำกว่า 90 กิโลวัตต์ สำนักงานส่งเสริมและสนับสนุนวิชาการ 9 ตำบลช้างเผือก อำเภอเมืองเชียงใหม่ จังหวัดเชียงใหม่ | F2: =[1]!Table2[[#This Row],[หน่วยงานที่ขอ]] -> สสว.9 | G2: =[1]!Table2[[#This Row],[จังหวัด]] -> เชียงใหม่ | H2: =[1]!Table2[[#This Row],[จำนวน]] -> 1 | I2: - | K2: =[1]!Table2[[#This Row],[งบประมาณ]] -> 1358000
A3: B000002 | B3: =[1]!Table2[[#This Row],[ปีงบประมาณ]] -> 2567 | C3: ครุภัณฑ์ | D3: =[1]!Table2[[#This Row],[หมวดครุภัณฑ์]] -> ยานพาหนะและขนส่ง | E3: =[1]!Table2[[#This Row],[รายการ]] -> รถบรรทุก (ดีเซล) ขนาด 1 ตัน ปริมาตรกระบอกสูบไม่ต่ำกว่า 2,400 ซีซี หรือกำลังเครื่องยนต์สูงสุดไม่ต่ำกว่า 110 กิโลวัตต์ ขับเคลื่อน 4 ล้อ แบบดับเบิ้ลแค็บ พร้อมหลังคาไฟเบอร์กลาสหรือเหล็ก สำนักงานส่งเสริมและสนับสนุนวิชาการ 9 ตำบลช้างเผือก อำเภอเมืองเชียงใหม่ จังหวัดเชียงใหม่ | F3: =[1]!Table2[[#This Row],[หน่วยงานที่ขอ]] -> สสว.9 | G3: =[1]!Table2[[#This Row],[จังหวัด]] -> เชียงใหม่ | H3: =[1]!Table2[[#This Row],[จำนวน]] -> 1 | I3: - | K3: =[1]!Table2[[#This Row],[งบประมาณ]] -> 1090900
A4: B000003 | B4: =[1]!Table2[[#This Row],[ปีงบประมาณ]] -> 2567 | C4: ครุภัณฑ์ | D4: =[1]!Table2[[#This Row],[หมวดครุภัณฑ์]] -> ยานพาหนะและขนส่ง | E4: =[1]!Table2[[#This Row],[รายการ]] -> รถโดยสาร ขนาด 12 ที่นั่ง (ดีเซล) ปริมาตรกระบอกสูบไม่ต่ำกว่า 2,400 ซีซี หรือกำลังเครื่องยนต์สูงสุดไม่ต่ำกว่า 90 กิโลวัตต์ สำนักงานพัฒนาสังคมและความมั่นคงของมนุษย์จังหวัดน่าน ตำบลไชยสถาน อำเภอเมืองน่าน จังหวัดน่าน | F4: =[1]!Table2[[#This Row],[หน่วยงานที่ขอ]] -> พมจ.น่าน | G4: =[1]!Table2[[#This Row],[จังหวัด]] -> น่าน | H4: =[1]!Table2[[#This Row],[จำนวน]] -> 1 | I4: - | K4: =[1]!Table2[[#This Row],[งบประมาณ]] -> 1358000
A5: B000004 | B5: =[1]!Table2[[#This Row],[ปีงบประมาณ]] -> 2567 | C5: ครุภัณฑ์ | D5: =[1]!Table2[[#This Row],[หมวดครุภัณฑ์]] -> สำนักงาน | E5: =[1]!Table2[[#This Row],[รายการ]] -> เครื่องถ่ายเอกสาร ระบบดิจิตอล (ขาว-ดำ) ความเร็ว 40 แผ่นต่อนาที สำนักงานพัฒนาสังคมและความมั่นคงของมนุษย์จังหวัดน่าน ตำบลไชยสถาน อำเภอเมืองน่าน จังหวัดน่าน | F5: =[1]!Table2[[#This Row],[หน่วยงานที่ขอ]] -> พมจ.น่าน | G5: =[1]!Table2[[#This Row],[จังหวัด]] -> น่าน | H5: =[1]!Table2[[#This Row],[จำนวน]] -> 1 | I5: - | K5: =[1]!Table2[[#This Row],[งบประมาณ]] -> 180000
A6: B000005 | B6: =[1]!Table2[[#This Row],[ปีงบประมาณ]] -> 2567 | C6: ครุภัณฑ์ | D6: =[1]!Table2[[#This Row],[หมวดครุภัณฑ์]] -> สำนักงาน | E6: =[1]!Table2[[#This Row],[รายการ]] -> เครื่องถ่ายเอกสาร ระบบดิจิตอล (ขาว-ดำ) ความเร็ว 50 แผ่นต่อนาที สำนักงานพัฒนาสังคมและความมั่นคงของมนุษย์จังหวัดแพร่ ตำบลในเวียง อำเภอเมืองแพร่ จังหวัดแพร่ | F6: =[1]!Table2[[#This Row],[หน่วยงานที่ขอ]] -> พมจ.แพร่ | G6: =[1]!Table2[[#This Row],[จังหวัด]] -> แพร่ | H6: =[1]!Table2[[#This Row],[จำนวน]] -> 1 | I6: - | K6: =[1]!Table2[[#This Row],[งบประมาณ]] -> 200000
A7: B000006 | B7: =[1]!Table2[[#This Row],[ปีงบประมาณ]] -> 2567 | C7: ครุภัณฑ์ | D7: =[1]!Table2[[#This Row],[หมวดครุภัณฑ์]] -> ยานพาหนะและขนส่ง | E7: =[1]!Table2[[#This Row],[รายการ]] -> รถบรรทุก (ดีเซล) ขนาด 1 ตัน ปริมาตรกระบอกสูบไม่ต่ำกว่า 2,400 ซีซี หรือกำลังเครื่องยนต์สูงสุดไม่ต่ำกว่า 110 กิโลวัตต์ ขับเคลื่อน 2 ล้อ แบบดับเบิ้ลแค็บ พร้อมหลังคาไฟเบอร์กลาสหรือเหล็ก สำนักงานส่งเสริมและสนับสนุนวิชาการ 8 ตำบลผาเลือด อำเภอท่าปลา จังหวัดอุตรดิตถ์ | F7: =[1]!Table2[[#This Row],[หน่วยงานที่ขอ]] -> สสว.8 | G7: =[1]!Table2[[#This Row],[จังหวัด]] -> อุตรดิษถ์ | H7: =[1]!Table2[[#This Row],[จำนวน]] -> 1 | I7: - | K7: =[1]!Table2[[#This Row],[งบประมาณ]] -> 885900
A8: B000007 | B8: =[1]!Table2[[#This Row],[ปีงบประมาณ]] -> 2567 | C8: ครุภัณฑ์ | D8: =[1]!Table2[[#This Row],[หมวดครุภัณฑ์]] -> ยานพาหนะและขนส่ง | E8: =[1]!Table2[[#This Row],[รายการ]] -> รถบรรทุก (ดีเซล) ขนาด 1 ตัน ปริมาตรกระบอกสูบไม่ต่ำกว่า 2,400 ซีซี หรือกำลังเครื่องยนต์สูงสุดไม่ต่ำกว่า 110 กิโลวัตต์ ขับเคลื่อน 2 ล้อ แบบดับเบิ้ลแค็บ พร้อมหลังคาไฟเบอร์กลาสหรือเหล็ก สำนักงานพัฒนาสังคมและความมั่นคงของมนุษย์จังหวัดกาฬสินธุ์ ตำบลกาฬสินธุ์ อำเภอเมืองกาฬสินธุ์ จังหวัดกาฬสินธุ์ | F8: =[1]!Table2[[#This Row],[หน่วยงานที่ขอ]] -> พมจ.กาฬสินธุ์ | G8: =[1]!Table2[[#This Row],[จังหวัด]] -> กาฬสินธุ์ | H8: =[1]!Table2[[#This Row],[จำนวน]] -> 1 | I8: - | K8: =[1]!Table2[[#This Row],[งบประมาณ]] -> 885900
A9: B000008 | B9: =[1]!Table2[[#This Row],[ปีงบประมาณ]] -> 2567 | C9: ครุภัณฑ์ | D9: =[1]!Table2[[#This Row],[หมวดครุภัณฑ์]] -> ยานพาหนะและขนส่ง | E9: =[1]!Table2[[#This Row],[รายการ]] -> รถบรรทุก (ดีเซล) ขนาด 1 ตัน ปริมาตรกระบอกสูบไม่ต่ำกว่า 2,400 ซีซี หรือกำลังเครื่องยนต์สูงสุดไม่ต่ำกว่า 110 กิโลวัตต์ ขับเคลื่อน 4 ล้อ แบบดับเบิ้ลแค็บ พร้อมหลังคาไฟเบอร์กลาสหรือเหล็ก สำนักงานพัฒนาสังคมและความมั่นคงของมนุษย์จังหวัดกาฬสินธุ์ ตำบลกาฬสินธุ์ อำเภอเมืองกาฬสินธุ์ จังหวัดกาฬสินธุ์ | F9: =[1]!Table2[[#This Row],[หน่วยงานที่ขอ]] -> พมจ.กาฬสินธุ์ | G9: =[1]!Table2[[#This Row],[จังหวัด]] -> กาฬสินธุ์ | H9: =[1]!Table2[[#This Row],[จำนวน]] -> 1 | I9: - | K9: =[1]!Table2[[#This Row],[งบประมาณ]] -> 1090900
A10: B000009 | B10: =[1]!Table2[[#This Row],[ปีงบประมาณ]] -> 2567 | C10: ครุภัณฑ์ | D10: =[1]!Table2[[#This Row],[หมวดครุภัณฑ์]] -> สำนักงาน | E10: =[1]!Table2[[#This Row],[รายการ]] -> เครื่องถ่ายเอกสาร ระบบดิจิตอล (ขาว-ดำ) ความเร็ว 50 แผ่นต่อนาที สำนักงานพัฒนาสังคมและความมั่นคงของมนุษย์จังหวัดขอนแก่น ตำบลในเมือง อำเภอเมืองขอนแก่น จังหวัดขอนแก่น | F10: =[1]!Table2[[#This Row],[หน่วยงานที่ขอ]] -> พมจ.ขอนแก่น | G10: =[1]!Table2[[#This Row],[จังหวัด]] -> ขอนแก่น | H10: =[1]!Table2[[#This Row],[จำนวน]] -> 1 | I10: - | K10: =[1]!Table2[[#This Row],[งบประมาณ]] -> 200000
A11: B000010 | B11: =[1]!Table2[[#This Row],[ปีงบประมาณ]] -> 2567 | C11: ครุภัณฑ์ | D11: =[1]!Table2[[#This Row],[หมวดครุภัณฑ์]] -> ยานพาหนะและขนส่ง | E11: =[1]!Table2[[#This Row],[รายการ]] -> รถโดยสาร ขนาด 12 ที่นั่ง (ดีเซล) ปริมาตรกระบอกสูบไม่ต่ำกว่า 2,400 ซีซี หรือกำลังเครื่องยนต์สูงสุดไม่ต่ำกว่า 90 กิโลวัตต์ สำนักงานส่งเสริมและสนับสนุนวิชาการ 5 ตำบลโคกสูง อำเภออุบลรัตน์ จังหวัดขอนแก่น | F11: =[1]!Table2[[#This Row],[หน่วยงานที่ขอ]] -> สสว.5 | G11: =[1]!Table2[[#This Row],[จังหวัด]] -> ขอนแก่น | H11: =[1]!Table2[[#This Row],[จำนวน]] -> 1 | I11: - | K11: =[1]!Table2[[#This Row],[งบประมาณ]] -> 1358000
A12: B000011 | B12: =[1]!Table2[[#This Row],[ปีงบประมาณ]] -> 2567 | C12: ครุภัณฑ์ | D12: =[1]!Table2[[#This Row],[หมวดครุภัณฑ์]] -> ยานพาหนะและขนส่ง | E12: =[1]!Table2[[#This Row],[รายการ]] -> รถบรรทุก (ดีเซล) ขนาด 1 ตัน ปริมาตรกระบอกสูบไม่ต่ำกว่า 2,400 ซีซี หรือกำลังเครื่องยนต์สูงสุดไม่ต่ำกว่า 110 กิโลวัตต์ ขับเคลื่อน 4 ล้อ แบบดับเบิ้ลแค็บ พร้อมหลังคาไฟเบอร์กลาสหรือเหล็ก สำนักงานพัฒนาสังคมและความมั่นคงของมนุษย์จังหวัดชัยภูมิ ตำบลในเมือง อำเภอเมืองชัยภูมิ จังหวัดชัยภูมิ | F12: =[1]!Table2[[#This Row],[หน่วยงานที่ขอ]] -> พมจ.ชัยภูมิ | G12: =[1]!Table2[[#This Row],[จังหวัด]] -> ชัยภูมิ | H12: =[1]!Table2[[#This Row],[จำนวน]] -> 1 | I12: - | K12: =[1]!Table2[[#This Row],[งบประมาณ]] -> 1090900
A13: B000012 | B13: =[1]!Table2[[#This Row],[ปีงบประมาณ]] -> 2567 | C13: ครุภัณฑ์ | D13: =[1]!Table2[[#This Row],[หมวดครุภัณฑ์]] -> ยานพาหนะและขนส่ง | E13: =[1]!Table2[[#This Row],[รายการ]] -> รถโดยสาร ขนาด 12 ที่นั่ง (ดีเซล) ปริมาตรกระบอกสูบไม่ต่ำกว่า 2,400 ซีซี หรือกำลังเครื่องยนต์สูงสุดไม่ต่ำกว่า 90 กิโลวัตต์ สำนักงานพัฒนาสังคมและความมั่นคงของมนุษย์จังหวัดนครพนม ตำบลในเมือง อำเภอเมืองนครพนม จังหวัดนครพนม | F13: =[1]!Table2[[#This Row],[หน่วยงานที่ขอ]] -> พมจ.นครพนม | G13: =[1]!Table2[[#This Row],[จังหวัด]] -> นครพนม | H13: =[1]!Table2[[#This Row],[จำนวน]] -> 1 | I13: - | K13: =[1]!Table2[[#This Row],[งบประมาณ]] -> 1358000
... A71: B000070 | B71: =[1]!Table2[[#This Row],[ปีงบประมาณ]] -> 2567 | C71: ครุภัณฑ์ | D71: =[1]!Table2[[#This Row],[หมวดครุภัณฑ์]] -> ยานพาหนะและขนส่ง | E71: =[1]!Table2[[#This Row],[รายการ]] -> รถบรรทุก (ดีเซล) ขนาด 1 ตัน ปริมาตรกระบอกสูบไม่ต่ำกว่า 2,400 ซีซี หรือกำลังเครื่องยนต์สูงสุดไม่ต่ำกว่า 110 กิโลวัตต์ ขับเคลื่อน 4 ล้อ แบบดับเบิ้ลแค็บ สำนักงานส่งเสริมและสนับสนุนวิชาการ 10 ตำบลขุนทะเล อำเภอเมืองสุราษฎร์ธานี จังหวัดสุราษฎร์ธานี | F71: =[1]!Table2[[#This Row],[หน่วยงานที่ขอ]] -> สสว.10 | G71: =[1]!Table2[[#This Row],[จังหวัด]] -> สุราษฎร์ธานี | H71: =[1]!Table2[[#This Row],[จำนวน]] -> 1 | I71: - | K71: =[1]!Table2[[#This Row],[งบประมาณ]] -> 1055000
A72: B000071 | B72: ='[1]ครุภัณฑ์ 68 (data)'!B2 -> 2568 | C72: ครุภัณฑ์ | D72: ='[1]ครุภัณฑ์ 68 (data)'!D2 -> ยานพาหนะและขนส่ง | E72: ='[1]ครุภัณฑ์ 68 (data)'!E2 -> รถโดยสาร ขนาด 12 ที่นั่ง (ดีเซล) ปริมาตรกระบอกสูบไม่ต่ำกว่า 2,400 ซีซี หรือกำลังเครื่องยนต์สูงสุดไม่ต่ำกว่า 90 กิโลวัตต์ สำนักงานพัฒนาสังคมและความมั่นคงของมนุษย์จังหวัดเชียงใหม่ ตำบลช้างเผือก อำเภอเมืองเชียงใหม่ จังหวัดเชียงใหม่ | F72: ='[1]ครุภัณฑ์ 68 (data)'!F2 -> พมจ.เชียงใหม่ | G72: ='[1]ครุภัณฑ์ 68 (data)'!C2 -> เชียงใหม่ | H72: ='[1]ครุภัณฑ์ 68 (data)'!G2 -> 1 | I72: - | K72: ='[1]ครุภัณฑ์ 68 (data)'!H2 -> 1358000
A73: B000072 | B73: ='[1]ครุภัณฑ์ 68 (data)'!B3 -> 2568 | C73: ครุภัณฑ์ | D73: ='[1]ครุภัณฑ์ 68 (data)'!D3 -> ยานพาหนะและขนส่ง | E73: ='[1]ครุภัณฑ์ 68 (data)'!E3 -> รถบรรทุก (ดีเซล) ขนาด 1 ตัน ปริมาตรกระบอกสูบไม่ต่ำกว่า 2,400 ซีซี หรือกำลังเครื่องยนต์สูงสุดไม่ต่ำกว่า 110 กิโลวัตต์ ขับเคลื่อน 2 ล้อ แบบดับเบิ้ลแค็บ พร้อมหลังคา ไฟเบอร์กลาสหรือเหล็ก สำนักงานพัฒนาสังคมและความมั่นคงของมนุษย์จังหวัดแพร่ ตำบลในเวียง อำเภอเมืองแพร่ จังหวัดแพร่ | F73: ='[1]ครุภัณฑ์ 68 (data)'!F3 -> พมจ.แพร่ | G73: ='[1]ครุภัณฑ์ 68 (data)'!C3 -> แพร่ | H73: ='[1]ครุภัณฑ์ 68 (data)'!G3 -> 1 | I73: - | K73: ='[1]ครุภัณฑ์ 68 (data)'!H3 -> 885900
A74: B000073 | B74: ='[1]ครุภัณฑ์ 68 (data)'!B4 -> 2568 | C74: ครุภัณฑ์ | D74: ='[1]ครุภัณฑ์ 68 (data)'!D4 -> ยานพาหนะและขนส่ง | E74: ='[1]ครุภัณฑ์ 68 (data)'!E4 -> รถบรรทุก (ดีเซล) ขนาด 1 ตัน ปริมาตรกระบอกสูบไม่ต่ำกว่า 2,400 ซีซี หรือกำลังเครื่องยนต์สูงสุดไม่ต่ำกว่า 110 กิโลวัตต์ ขับเคลื่อน 4 ล้อ แบบดับเบิ้ลแค็บ พร้อมหลังคา ไฟเบอร์กลาสหรือเหล็ก สำนักงานพัฒนาสังคมและความมั่นคงของมนุษย์จังหวัดแม่ฮ่องสอน ตำบลจองคำ อำเภอเมืองแม่ฮ่องสอน จังหวัดแม่ฮ่องสอน | F74: ='[1]ครุภัณฑ์ 68 (data)'!F4 -> พมจ.แม่ฮ่องสอน | G74: ='[1]ครุภัณฑ์ 68 (data)'!C4 -> แม่ฮ่องสอน | H74: ='[1]ครุภัณฑ์ 68 (data)'!G4 -> 1 | I74: - | K74: ='[1]ครุภัณฑ์ 68 (data)'!H4 -> 1090900
A75: B000074 | B75: ='[1]ครุภัณฑ์ 68 (data)'!B5 -> 2568 | C75: ครุภัณฑ์ | D75: ='[1]ครุภัณฑ์ 68 (data)'!D5 -> ยานพาหนะและขนส่ง | E75: ='[1]ครุภัณฑ์ 68 (data)'!E5 -> รถโดยสาร ขนาด 12 ที่นั่ง (ดีเซล) ปริมาตรกระบอกสูบไม่ต่ำกว่า 2,400 ซีซี หรือกำลังเครื่องยนต์สูงสุดไม่ต่ำกว่า 90 กิโลวัตต์ สำนักงานพัฒนาสังคมและความมั่นคงของมนุษย์จังหวัดลำปาง ตำบลพระบาท อำเภอเมืองลำปาง จังหวัดลำปาง | F75: ='[1]ครุภัณฑ์ 68 (data)'!F5 -> พมจ.ลำปาง | G75: ='[1]ครุภัณฑ์ 68 (data)'!C5 -> ลำปาง | H75: ='[1]ครุภัณฑ์ 68 (data)'!G5 -> 1 | I75: - | K75: ='[1]ครุภัณฑ์ 68 (data)'!H5 -> 1358000
A76: B000075 | B76: ='[1]ครุภัณฑ์ 68 (data)'!B6 -> 2568 | C76: ครุภัณฑ์ | D76: ='[1]ครุภัณฑ์ 68 (data)'!D6 -> ยานพาหนะและขนส่ง | E76: ='[1]ครุภัณฑ์ 68 (data)'!E6 -> รถบรรทุก (ดีเซล) ขนาด 1 ตัน ปริมาตรกระบอกสูบไม่ต่ำกว่า 2,400 ซีซี หรือกำลังเครื่องยนต์สูงสุดไม่ต่ำกว่า 110 กิโลวัตต์ ขับเคลื่อน 4 ล้อ แบบดับเบิ้ลแค็บ พร้อมหลังคา ไฟเบอร์กลาสหรือเหล็ก สำนักงานพัฒนาสังคมและความมั่นคงของมนุษย์จังหวัดอุตรดิษถ์ ตำบลท่าอิฐ อำเภอเมืองอุตรดิษถ์ จังหวัดอุตรดิษถ์ | F76: ='[1]ครุภัณฑ์ 68 (data)'!F6 -> พมจ.อุตรดิตถ์ | G76: ='[1]ครุภัณฑ์ 68 (data)'!C6 -> อุตรดิตถ์ | H76: ='[1]ครุภัณฑ์ 68 (data)'!G6 -> 1 | I76: - | K76: ='[1]ครุภัณฑ์ 68 (data)'!H6 -> 1090900
A77: B000076 | B77: ='[1]ครุภัณฑ์ 68 (data)'!B7 -> 2568 | C77: ครุภัณฑ์ | D77: ='[1]ครุภัณฑ์ 68 (data)'!D7 -> ยานพาหนะและขนส่ง | E77: ='[1]ครุภัณฑ์ 68 (data)'!E7 -> รถโดยสาร ขนาด 12 ที่นั่ง (ดีเซล) ปริมาตรกระบอกสูบไม่ต่ำกว่า 2,400 ซีซี หรือกำลังเครื่องยนต์สูงสุดไม่ต่ำกว่า 90 กิโลวัตต์ สำนักงานพัฒนาสังคมและความมั่นคงของมนุษย์จังหวัดร้อยเอ็ด ตำบลในเมือง อำเภอเมืองร้อยเอ็ด จังหวัดร้อยเอ็ด | F77: ='[1]ครุภัณฑ์ 68 (data)'!F7 -> พมจ.ร้อยเอ็ด | G77: ='[1]ครุภัณฑ์ 68 (data)'!C7 -> ร้อยเอ็ด | H77: ='[1]ครุภัณฑ์ 68 (data)'!G7 -> 1 | I77: - | K77: ='[1]ครุภัณฑ์ 68 (data)'!H7 -> 1358000
A78: B000077 | B78: ='[1]ครุภัณฑ์ 68 (data)'!B8 -> 2568 | C78: ครุภัณฑ์ | D78: ='[1]ครุภัณฑ์ 68 (data)'!D8 -> ยานพาหนะและขนส่ง | E78: ='[1]ครุภัณฑ์ 68 (data)'!E8 -> รถโดยสาร ขนาด 12 ที่นั่ง (ดีเซล) ปริมาตรกระบอกสูบไม่ต่ำกว่า 2,400 ซีซี หรือกำลังเครื่องยนต์สูงสุดไม่ต่ำกว่า 90 กิโลวัตต์ สำนักงานพัฒนาสังคมและความมั่นคงของมนุษย์จังหวัดศรีสะเกษ ตำบลโพธิ์ อำเภอเมืองศรีสะเกษ จังหวัดศรีสะเกษ | F78: ='[1]ครุภัณฑ์ 68 (data)'!F8 -> พมจ.ศรีสะเกษ | G78: ='[1]ครุภัณฑ์ 68 (data)'!C8 -> ศรีสะเกษ | H78: ='[1]ครุภัณฑ์ 68 (data)'!G8 -> 1 | I78: - | K78: ='[1]ครุภัณฑ์ 68 (data)'!H8 -> 1358000
A79: B000078 | B79: ='[1]ครุภัณฑ์ 68 (data)'!B9 -> 2568 | C79: ครุภัณฑ์ | D79: ='[1]ครุภัณฑ์ 68 (data)'!D9 -> ยานพาหนะและขนส่ง | E79: ='[1]ครุภัณฑ์ 68 (data)'!E9 -> รถบรรทุก (ดีเซล) ขนาด 1 ตัน ปริมาตรกระบอกสูบไม่ต่ำกว่า 2,400 ซีซี หรือกำลังเครื่องยนต์สูงสุดไม่ต่ำกว่า 110 กิโลวัตต์ ขับเคลื่อน 2 ล้อ แบบดับเบิ้ลแค็บ พร้อมหลังคา ไฟเบอร์กลาสหรือเหล็ก สำนักงานพัฒนาสังคมและความมั่นคงของมนุษย์จังหวัดหนองคาย ตำบลหนองกอมเกาะ อำเภอเมืองหนองคาย จังหวัดหนองคาย | F79: ='[1]ครุภัณฑ์ 68 (data)'!F9 -> พมจ.หนองคาย | G79: ='[1]ครุภัณฑ์ 68 (data)'!C9 -> หนองคาย | H79: ='[1]ครุภัณฑ์ 68 (data)'!G9 -> 1 | I79: - | K79: ='[1]ครุภัณฑ์ 68 (data)'!H9 -> 885900
A80: B000079 | B80: ='[1]ครุภัณฑ์ 68 (data)'!B10 -> 2568 | C80: ครุภัณฑ์ | D80: ='[1]ครุภัณฑ์ 68 (data)'!D10 -> ยานพาหนะและขนส่ง | E80: ='[1]ครุภัณฑ์ 68 (data)'!E10 -> รถบรรทุก (ดีเซล) ขนาด 1 ตัน ปริมาตรกระบอกสูบไม่ต่ำกว่า 2,400 ซีซี หรือกำลังเครื่องยนต์สูงสุดไม่ต่ำกว่า 110 กิโลวัตต์ ขับเคลื่อน 4 ล้อ แบบดับเบิ้ลแค็บ สำนักงานพัฒนาสังคมและความมั่นคงของมนุษย์จังหวัดหนองคาย ตำบลหนองกอมเกาะ อำเภอเมืองหนองคาย จังหวัดหนองคาย | F80: ='[1]ครุภัณฑ์ 68 (data)'!F10 -> พมจ.หนองคาย | G80: ='[1]ครุภัณฑ์ 68 (data)'!C10 -> หนองคาย | H80: ='[1]ครุภัณฑ์ 68 (data)'!G10 -> 1 | I80: - | K80: ='[1]ครุภัณฑ์ 68 (data)'!H10 -> 1055000
A81: B000080 | B81: ='[1]ครุภัณฑ์ 68 (data)'!B11 -> 2568 | C81: ครุภัณฑ์ | D81: ='[1]ครุภัณฑ์ 68 (data)'!D11 -> ยานพาหนะและขนส่ง | E81: ='[1]ครุภัณฑ์ 68 (data)'!E11 -> รถบรรทุก (ดีเซล) ขนาด 1 ตัน ปริมาตรกระบอกสูบไม่ต่ำกว่า 2,400 ซีซี หรือกำลังเครื่องยนต์สูงสุดไม่ต่ำกว่า 110 กิโลวัตต์ ขับเคลื่อน 2 ล้อ แบบดับเบิ้ลแค็บ พร้อมหลังคา ไฟเบอร์กลาสหรือเหล็ก สำนักงานพัฒนาสังคมและความมั่นคงของมนุษย์จังหวัดหนองบัวลำภู ตำบลลำภู อำเภอเมืองหนองบัวลำภู จังหวัดหนองบัวลำภู | F81: ='[1]ครุภัณฑ์ 68 (data)'!F11 -> พมจ.หนองบัวลำภู | G81: ='[1]ครุภัณฑ์ 68 (data)'!C11 -> หนองบัวลำภู | H81: ='[1]ครุภัณฑ์ 68 (data)'!G11 -> 1 | I81: - | K81: ='[1]ครุภัณฑ์ 68 (data)'!H11 -> 885900
A82: B000081 | B82: ='[1]ครุภัณฑ์ 68 (data)'!B12 -> 2568 | C82: ครุภัณฑ์ | D82: ='[1]ครุภัณฑ์ 68 (data)'!D12 -> ยานพาหนะและขนส่ง | E82: ='[1]ครุภัณฑ์ 68 (data)'!E12 -> รถโดยสาร ขนาด 12 ที่นั่ง (ดีเซล) ปริมาตรกระบอกสูบไม่ต่ำกว่า 2,400 ซีซี หรือกำลังเครื่องยนต์สูงสุดไม่ต่ำกว่า 90 กิโลวัตต์ สำนักงานปลัดกระทรวงการพัฒนาสังคมและความมั่นคงของมนุษย์ แขวงคลองมหานาค เขตป้อมปราบศัตรูพ่าย กรุงเทพมหานคร | F82: ='[1]ครุภัณฑ์ 68 (data)'!F12 -> กมพ. | G82: ='[1]ครุภัณฑ์ 68 (data)'!C12 -> กรุงเทพมหานคร | H82: ='[1]ครุภัณฑ์ 68 (data)'!G12 -> 1 | I82: - | K82: ='[1]ครุภัณฑ์ 68 (data)'!H12 -> 1358000
A83: B000082 | B83: ='[1]ครุภัณฑ์ 68 (data)'!B13 -> 2568 | C83: ครุภัณฑ์ | D83: ='[1]ครุภัณฑ์ 68 (data)'!D13 -> ยานพาหนะและขนส่ง | E83: ='[1]ครุภัณฑ์ 68 (data)'!E13 -> รถยนต์ตรวจการณ์ ปริมาตรกระบอกสูบไม่ต่ำกว่า 2,000 ซีซี หรือกำลังเครื่องยนต์สูงสุดไม่ต่ำกว่า 110 กิโลวัตต์ เครื่องยนต์ดีเซล แบบขับเคลื่อน 4 ล้อ สำนักงานปลัดกระทรวงการพัฒนาสังคมและความมั่นคงของมนุษย์ แขวงคลองมหานาค เขตป้อมปราบศัตรูพ่าย กรุงเทพมหานคร | F83: ='[1]ครุภัณฑ์ 68 (data)'!F13 -> ศรส. | G83: ='[1]ครุภัณฑ์ 68 (data)'!C13 -> กรุงเทพมหานคร | H83: ='[1]ครุภัณฑ์ 68 (data)'!G13 -> 8 | I83: - | K83: ='[1]ครุภัณฑ์ 68 (data)'!H13 -> 13312000
... A97: B000096 | B97: ='[1]ครุภัณฑ์ 68 (data)'!B27 -> 2568 | C97: ครุภัณฑ์ | D97: ='[1]ครุภัณฑ์ 68 (data)'!D27 -> สำนักงาน | E97: ='[1]ครุภัณฑ์ 68 (data)'!E27 -> รถบรรทุก (ดีเซล) ขนาด 1 ตัน ปริมาตรกระบอกสูบไม่ต่ำกว่า 2,400 ซีซี หรือกำลังเครื่องยนต์สูงสุดไม่ต่ำกว่า 110 กิโลวัตต์ ขับเคลื่อน 4 ล้อ แบบดับเบิ้ลแค็บ พร้อมหลังคา ไฟเบอร์กลาสหรือเหล็ก สำนักงานพัฒนาสังคมและความมั่นคงของมนุษย์จังหวัดสุราษฎร์ธานี ตำบลขุนทะเล อำเภอเมืองสุราษฎร์ธานี จังหวัดสุราษฎร์ธานี | F97: ='[1]ครุภัณฑ์ 68 (data)'!F27 -> พมจ.สุราษฎร์ธานี | G97: ='[1]ครุภัณฑ์ 68 (data)'!C27 -> สุราษฎร์ธานี | H97: ='[1]ครุภัณฑ์ 68 (data)'!G27 -> 1 | I97: - | K97: ='[1]ครุภัณฑ์ 68 (data)'!H27 -> 1090900
A98: B000097 | B98: ='[1]ครุภัณฑ์ 69 (data)'!B2 -> 2569 | C98: ครุภัณฑ์ | D98: ='[1]ครุภัณฑ์ 69 (data)'!D2 -> สำนักงาน | E98: ='[1]ครุภัณฑ์ 69 (data)'!E2 -> เครื่องปรับอากาศ แบบแยกส่วน แบบตั้งพื้นหรือแบบแขวน (ระบบ Inverter) ขนาด 24,000 บีทียู สำนักงานพัฒนาสังคมและความมั่นคงของมนุษย์จังหวัดเชียงราย ตำบลริมกก อำเภอเมืองเชียงราย จังหวัดเชียงราย | F98: ='[1]ครุภัณฑ์ 69 (data)'!F2 -> พมจ.เชียงราย | G98: ='[1]ครุภัณฑ์ 69 (data)'!C2 -> เชียงราย | H98: ='[1]ครุภัณฑ์ 69 (data)'!G2 -> 2 | I98: - | K98: ='[1]ครุภัณฑ์ 69 (data)'!H2 -> 81800
A99: B000098 | B99: ='[1]ครุภัณฑ์ 69 (data)'!B3 -> 2569 | C99: ครุภัณฑ์ | D99: ='[1]ครุภัณฑ์ 69 (data)'!D3 -> งานบ้านงานครัว | E99: ='[1]ครุภัณฑ์ 69 (data)'!E3 -> ตู้แช่อาหาร ขนาด 20 คิวบิกฟุต สถานคุ้มครองสวัสดิภาพผู้เสียหายจากการค้ามนุษย์จังหวัดเชียงราย ตำบลเวียงเหนือ อำเภอเวียงชัย จังหวัดเชียงราย | F99: ='[1]ครุภัณฑ์ 69 (data)'!F3 -> สคม.เชียงราย | G99: ='[1]ครุภัณฑ์ 69 (data)'!C3 -> เชียงราย | H99: ='[1]ครุภัณฑ์ 69 (data)'!G3 -> 1 | I99: - | K99: ='[1]ครุภัณฑ์ 69 (data)'!H3 -> 37000
A100: B000099 | B100: ='[1]ครุภัณฑ์ 69 (data)'!B4 -> 2569 | C100: ครุภัณฑ์ | D100: ='[1]ครุภัณฑ์ 69 (data)'!D4 -> สำนักงาน | E100: ='[1]ครุภัณฑ์ 69 (data)'!E4 -> เครื่องทำลายเอกสาร แบบตัดละเอียด ทำลายครั้งละ 30 แผ่น สำนักงานพัฒนาสังคมและความมั่นคงของมนุษย์จังหวัดเชียงใหม่ ตำบลช้างเผือก อำเภอเมืองเชียงใหม่ จังหวัดเชียงใหม่ | F100: ='[1]ครุภัณฑ์ 69 (data)'!F4 -> พมจ.เชียงใหม่ | G100: ='[1]ครุภัณฑ์ 69 (data)'!C4 -> เชียงใหม่ | H100: ='[1]ครุภัณฑ์ 69 (data)'!G4 -> 1 | I100: - | K100: ='[1]ครุภัณฑ์ 69 (data)'!H4 -> 67000
A101: B000100 | B101: ='[1]ครุภัณฑ์ 69 (data)'!B5 -> 2569 | C101: ครุภัณฑ์ | D101: ='[1]ครุภัณฑ์ 69 (data)'!D5 -> สำนักงาน | E101: ='[1]ครุภัณฑ์ 69 (data)'!E5 -> เครื่องปรับอากาศ แบบแยกส่วน แบบตั้งพื้นหรือแบบแขวน ขนาด 24,000 บีทียู สำนักงานส่งเสริมและสนับสนุนวิชาการ 9 ตำบลช้างเผือก อำเภอเมืองเชียงใหม่ จังหวัดเชียงใหม่ | F101: ='[1]ครุภัณฑ์ 69 (data)'!F5 -> สสว.9 | G101: ='[1]ครุภัณฑ์ 69 (data)'!C5 -> เชียงใหม่ | H101: ='[1]ครุภัณฑ์ 69 (data)'!G5 -> 3 | I101: - | K101: ='[1]ครุภัณฑ์ 69 (data)'!H5 -> 96600
A102: B000101 | B102: ='[1]ครุภัณฑ์ 69 (data)'!B6 -> 2569 | C102: ครุภัณฑ์ | D102: ='[1]ครุภัณฑ์ 69 (data)'!D6 -> สำนักงาน | E102: ='[1]ครุภัณฑ์ 69 (data)'!E6 -> เครื่องทำลายเอกสาร แบบตัดละเอียด ทำลายครั้งละ 30 แผ่น สำนักงานพัฒนาสังคมและความมั่นคงของมนุษย์จังหวัดน่าน ตำบลไชยสถาน อำเภอเมืองน่าน จังหวัดน่าน | F102: ='[1]ครุภัณฑ์ 69 (data)'!F6 -> พมจ.น่าน | G102: ='[1]ครุภัณฑ์ 69 (data)'!C6 -> น่าน | H102: ='[1]ครุภัณฑ์ 69 (data)'!G6 -> 1 | I102: - | K102: ='[1]ครุภัณฑ์ 69 (data)'!H6 -> 67000
A103: B000102 | B103: ='[1]ครุภัณฑ์ 69 (data)'!B7 -> 2569 | C103: ครุภัณฑ์ | D103: ='[1]ครุภัณฑ์ 69 (data)'!D7 -> ยานพาหนะและขนส่ง | E103: ='[1]ครุภัณฑ์ 69 (data)'!E7 -> รถโดยสารขนาด 12 ที่นั่ง (ดีเซล) ปริมาตรกระบอกสูบไม่ต่ำกว่า 2,400 ซีซี หรือกำลังเครื่องยนต์สูงสุดไม่ต่ำกว่า 90 กิโลวัตต์ สำนักงานพัฒนาสังคมและความมั่นคงของมนุษย์จังหวัดแม่ฮ่องสอน ตำบลจองคำ อำเภอเมืองแม่ฮ่องสอน จังหวัดแม่ฮ่องสอน | F103: ='[1]ครุภัณฑ์ 69 (data)'!F7 -> พมจ.แม่ฮ่องสอน | G103: ='[1]ครุภัณฑ์ 69 (data)'!C7 -> แม่ฮ่องสอน | H103: ='[1]ครุภัณฑ์ 69 (data)'!G7 -> 1 | I103: - | K103: ='[1]ครุภัณฑ์ 69 (data)'!H7 -> 1369000
A104: B000103 | B104: ='[1]ครุภัณฑ์ 69 (data)'!B8 -> 2569 | C104: ครุภัณฑ์ | D104: ='[1]ครุภัณฑ์ 69 (data)'!D8 -> ยานพาหนะและขนส่ง | E104: ='[1]ครุภัณฑ์ 69 (data)'!E8 -> รถบรรทุก (ดีเซล) ขนาด 1 ตัน ปริมาตรกระบอกสูบไม่ต่ำกว่า 2,400 ซีซี หรือกำลังเครื่องยนต์สูงสุดไม่ต่ำกว่า 110 กิโลวัตต์ ขับเคลื่อน 4 ล้อ แบบดับเบิ้ลแค็บ พร้อมหลังคาไฟเบอร์กลาสหรือเหล็ก สำนักงานส่งเสริมและสนับสนุนวิชาการ 8 ตำบลผาเลือด อำเภอท่าปลา จังหวัดอุตรดิตถ์ | F104: ='[1]ครุภัณฑ์ 69 (data)'!F8 -> สสว.8 | G104: ='[1]ครุภัณฑ์ 69 (data)'!C8 -> อุตรดิตถ์ | H104: ='[1]ครุภัณฑ์ 69 (data)'!G8 -> 1 | I104: - | K104: ='[1]ครุภัณฑ์ 69 (data)'!H8 -> 1207900
A105: B000104 | B105: ='[1]ครุภัณฑ์ 69 (data)'!B9 -> 2569 | C105: ครุภัณฑ์ | D105: ='[1]ครุภัณฑ์ 69 (data)'!D9 -> สำนักงาน | E105: ='[1]ครุภัณฑ์ 69 (data)'!E9 -> เครื่องปรับอากาศ แบบแยกส่วน แบบตั้งพื้นหรือแบบแขวน ขนาด 30,000 บีทียู สำนักงานส่งเสริมและสนับสนุนวิชาการ 8 ตำบลผาเลือด อำเภอท่าปลา จังหวัดอุตรดิตถ์ | F105: ='[1]ครุภัณฑ์ 69 (data)'!F9 -> สสว.8 | G105: ='[1]ครุภัณฑ์ 69 (data)'!C9 -> อุตรดิตถ์ | H105: ='[1]ครุภัณฑ์ 69 (data)'!G9 -> 2 | I105: - | K105: ='[1]ครุภัณฑ์ 69 (data)'!H9 -> 83000
A106: B000105 | B106: ='[1]ครุภัณฑ์ 69 (data)'!B10 -> 2569 | C106: ครุภัณฑ์ | D106: ='[1]ครุภัณฑ์ 69 (data)'!D10 -> สำนักงาน | E106: ='[1]ครุภัณฑ์ 69 (data)'!E10 -> เครื่องปรับอากาศ แบบแยกส่วน แบบตั้งพื้นหรือแบบแขวน (ระบบ Inverter) ขนาด 36,000 บีทียู สำนักงานพัฒนาสังคมและความมั่นคงของมนุษย์จังหวัดอุตรดิตถ์ ตำบลท่าอิฐ อำเภอเมืองอุตรดิตถ์ จังหวัดอุตรดิตถ์ | F106: ='[1]ครุภัณฑ์ 69 (data)'!F10 -> พมจ.อุตรดิตถ์ | G106: ='[1]ครุภัณฑ์ 69 (data)'!C10 -> อุตรดิตถ์ | H106: ='[1]ครุภัณฑ์ 69 (data)'!G10 -> 6 | I106: - | K106: ='[1]ครุภัณฑ์ 69 (data)'!H10 -> 321600
A107: B000106 | B107: ='[1]ครุภัณฑ์ 69 (data)'!B11 -> 2569 | C107: ครุภัณฑ์ | D107: ='[1]ครุภัณฑ์ 69 (data)'!D11 -> ยานพาหนะและขนส่ง | E107: ='[1]ครุภัณฑ์ 69 (data)'!E11 -> รถโดยสารขนาด 12 ที่นั่ง (ดีเซล) ปริมาตรกระบอกสูบไม่น้อยกว่า 2,400 ซีซี หรือกำลังเครื่องยนต์สูงสุดไม่ต่ำกว่า 90 กิโลวัตต์ สำนักงานส่งเสริมและสนับสนุนวิชาการ 6 ตำบลภูดิน อำเภอเมืองกาฬสินธุ์ จังหวัดกาฬสินธุ์ | F107: ='[1]ครุภัณฑ์ 69 (data)'!F11 -> สสว.6 | G107: ='[1]ครุภัณฑ์ 69 (data)'!C11 -> กาฬสินธุ์ | H107: ='[1]ครุภัณฑ์ 69 (data)'!G11 -> 1 | I107: - | K107: ='[1]ครุภัณฑ์ 69 (data)'!H11 -> 1369000
A108: B000107 | B108: ='[1]ครุภัณฑ์ 69 (data)'!B12 -> 2569 | C108: ครุภัณฑ์ | D108: ='[1]ครุภัณฑ์ 69 (data)'!D12 -> ยานพาหนะและขนส่ง | E108: ='[1]ครุภัณฑ์ 69 (data)'!E12 -> รถบรรทุก (ดีเซล) ขนาด 1 ตัน ปริมาตรกระบอกสูบไม่ต่ำกว่า 2,400 ซีซี หรือกำลังเครื่องยนต์สูงสุดไม่ต่ำกว่า 110 กิโลวัตต์ ขับเคลื่อน 2 ล้อแบบดับเบิ้ลแค็บ พร้อมหลังคาไฟเบอร์กลาสหรือเหล็ก สำนักงานพัฒนาสังคมและความมั่นคงของมนุษย์จังหวัดกาฬสินธุ์ ตำบลกาฬสินธุ์ อำเภอเมืองกาฬสินธุ์ จังหวัดกาฬสินธุ์ | F108: ='[1]ครุภัณฑ์ 69 (data)'!F12 -> พมจ.กาฬสินธุ์ | G108: ='[1]ครุภัณฑ์ 69 (data)'!C12 -> กาฬสินธุ์ | H108: ='[1]ครุภัณฑ์ 69 (data)'!G12 -> 1 | I108: - | K108: ='[1]ครุภัณฑ์ 69 (data)'!H12 -> 970900
A109: B000108 | B109: ='[1]ครุภัณฑ์ 69 (data)'!B13 -> 2569 | C109: ครุภัณฑ์ | D109: ='[1]ครุภัณฑ์ 69 (data)'!D13 -> ยานพาหนะและขนส่ง | E109: ='[1]ครุภัณฑ์ 69 (data)'!E13 -> รถบรรทุก (ดีเซล) ขนาด 1 ตัน ปริมาตรกระบอกสูบไม่ต่ำกว่า 2,400 ซีซี หรือกำลังเครื่องยนต์สูงสุดไม่ต่ำกว่า 110 กิโลวัตต์ ขับเคลื่อน 2 ล้อ แบบดับเบิ้ลแค็บ พร้อมหลังคาไฟเบอ์กลาสหรือเหล็ก สำนักงานส่งเสริมและสนับสนุนวิชาการ 4 ตำบลนิคมสร้างตนเอง อำเภอพิมาย จังหวัดนครราชสีมา | F109: ='[1]ครุภัณฑ์ 69 (data)'!F13 -> สสว.4 | G109: ='[1]ครุภัณฑ์ 69 (data)'!C13 -> นครราชสีมา | H109: ='[1]ครุภัณฑ์ 69 (data)'!G13 -> 2 | I109: - | K109: ='[1]ครุภัณฑ์ 69 (data)'!H13 -> 1941800
... A176: B000175 | B176: ='[1]ครุภัณฑ์ 69 (data)'!B80 -> 2569 | C176: ครุภัณฑ์ | D176: ='[1]ครุภัณฑ์ 69 (data)'!D80 -> สำนักงาน | E176: ='[1]ครุภัณฑ์ 69 (data)'!E80 -> เครื่องปรับอากาศ แบบแยกส่วน แบบตั้งพื้นหรือแบบแขวน (ระบบ Inverter) ขนาด 36,000 บีทียู สำนักงานส่งเสริมและสนับสนุนวิชาการ 10 ตำบลขุนทะเล อำเภอเมืองสุราษฎร์ธานี จังหวัดสุราษฎร์ธานี | F176: ='[1]ครุภัณฑ์ 69 (data)'!F80 -> สสว.10 | G176: ='[1]ครุภัณฑ์ 69 (data)'!C80 -> สุราษฎร์ธานี | H176: ='[1]ครุภัณฑ์ 69 (data)'!G80 -> 3 | I176: - | K176: ='[1]ครุภัณฑ์ 69 (data)'!H80 -> 160800
A177: B000176 | B177: ='[1]รวมครุภัณฑ์ 70 (data)'!B3 -> 2570 | C177: ครุภัณฑ์ | D177: ='[1]รวมครุภัณฑ์ 70 (data)'!C3 -> ครุภัณฑ์ยานพาหนะและขนส่ง | E177: ='[1]รวมครุภัณฑ์ 70 (data)'!G3 -> รถประจำตำแหน่ง ระดับอธิบดี รองปลัดกระทรวง เอกอัครราชทูตประจำกระทรวง ผู้ตรวจราชการกระทรวง รองเลขาธิการนายกรัฐมนตรีฝ่ายการเมือง เลขานุการรัฐมนตรี ผู้ช่วยเลขานุการรัฐมนตรี หรือผู้ดำรงตำแหน่งอื่นที่มีฐานะเทียบเท่า ปริมาตรกระบอกสูบไม่เกิน 2500 ซีซี หรือกำลังเครื่องยนต์สูงสุดไม่เกิน 160 กิโลวัตต์ หรือกำลังมอเตอร์ไฟฟ้าสูงสุดไม่เกิน 329 กิโลวัตต์ | F177: ='[1]รวมครุภัณฑ์ 70 (data)'!H3 -> กก. | G177: ='[1]รวมครุภัณฑ์ 70 (data)'!J3 -> กรุงเทพมหานคร | H177: =IF('รวมครุภัณฑ์ 70'!Q2="","",'รวมครุภัณฑ์ 70'!Q2) -> 3 | I177: =IF('รวมครุภัณฑ์ 70'!R2="","",'รวมครุภัณฑ์ 70'!R2) | K177: ='[1]รวมครุภัณฑ์ 70 (data)'!L3 -> 5028000 | L177: =_xlfn.TEXTJOIN(", ",TRUE, IF(H177<>"","ทดแทนครุภัณฑ์เดิม",""), IF(I177<>"","เพิ่มประสิทธิภาพ","")) -> ทดแทนครุภัณฑ์เดิม
A178: B000177 | B178: ='[1]รวมครุภัณฑ์ 70 (data)'!B4 -> 2570 | C178: ครุภัณฑ์ | D178: ='[1]รวมครุภัณฑ์ 70 (data)'!C4 -> ครุภัณฑ์ยานพาหนะและขนส่ง | E178: ='[1]รวมครุภัณฑ์ 70 (data)'!G4 -> รถโดยสารขนาด 12 ที่นั่ง (ดีเซล) ปริมาตรกระบอกสูบ ไม่ต่ำกว่า 2,400 ซีซี หรือกำลังเครื่องยนต์สูงสุดไม่ต่ำกว่า 90 กิโลวัตต์ | F178: ='[1]รวมครุภัณฑ์ 70 (data)'!H4 -> กก. | G178: ='[1]รวมครุภัณฑ์ 70 (data)'!J4 -> กรุงเทพมหานคร | H178: =IF('รวมครุภัณฑ์ 70'!Q3="","",'รวมครุภัณฑ์ 70'!Q3) -> 2 | I178: =IF('รวมครุภัณฑ์ 70'!R3="","",'รวมครุภัณฑ์ 70'!R3) | K178: ='[1]รวมครุภัณฑ์ 70 (data)'!L4 -> 2996000 | L178: =_xlfn.TEXTJOIN(", ",TRUE, IF(H178<>"","ทดแทนครุภัณฑ์เดิม",""), IF(I178<>"","เพิ่มประสิทธิภาพ","")) -> ทดแทนครุภัณฑ์เดิม
A179: B000178 | B179: ='[1]รวมครุภัณฑ์ 70 (data)'!B5 -> 2570 | C179: ครุภัณฑ์ | D179: ='[1]รวมครุภัณฑ์ 70 (data)'!C5 -> ครุภัณฑ์ยานพาหนะและขนส่ง | E179: ='[1]รวมครุภัณฑ์ 70 (data)'!G5 -> รถโดยสารขนาด 12 ที่นั่ง (ดีเซล) ปริมาตรกระบอกสูบ ไม่ต่ำกว่า 2,400 ซีซี หรือกำลังเครื่องยนต์สูงสุดไม่ต่ำกว่า 90 กิโลวัตต์ | F179: ='[1]รวมครุภัณฑ์ 70 (data)'!H5 -> กก. | G179: ='[1]รวมครุภัณฑ์ 70 (data)'!J5 -> กรุงเทพมหานคร | H179: =IF('รวมครุภัณฑ์ 70'!Q4="","",'รวมครุภัณฑ์ 70'!Q4) -> 1 | I179: =IF('รวมครุภัณฑ์ 70'!R4="","",'รวมครุภัณฑ์ 70'!R4) | K179: ='[1]รวมครุภัณฑ์ 70 (data)'!L5 -> 1498000 | L179: =_xlfn.TEXTJOIN(", ",TRUE, IF(H179<>"","ทดแทนครุภัณฑ์เดิม",""), IF(I179<>"","เพิ่มประสิทธิภาพ","")) -> ทดแทนครุภัณฑ์เดิม
A180: B000179 | B180: ='[1]รวมครุภัณฑ์ 70 (data)'!B6 -> 2570 | C180: ครุภัณฑ์ | D180: ='[1]รวมครุภัณฑ์ 70 (data)'!C6 -> ครุภัณฑ์สำนักงาน | E180: ='[1]รวมครุภัณฑ์ 70 (data)'!G6 -> เครื่องปรับอากาศ แบบติดผนัง ขนาด 18,000 บีทียู | F180: ='[1]รวมครุภัณฑ์ 70 (data)'!H6 -> กก. | G180: ='[1]รวมครุภัณฑ์ 70 (data)'!J6 -> กรุงเทพมหานคร | H180: =IF('รวมครุภัณฑ์ 70'!Q5="","",'รวมครุภัณฑ์ 70'!Q5) | I180: =IF('รวมครุภัณฑ์ 70'!R5="","",'รวมครุภัณฑ์ 70'!R5) -> 8 | K180: ='[1]รวมครุภัณฑ์ 70 (data)'!L6 -> 172000 | L180: =_xlfn.TEXTJOIN(", ",TRUE, IF(H180<>"","ทดแทนครุภัณฑ์เดิม",""), IF(I180<>"","เพิ่มประสิทธิภาพ","")) -> เพิ่มประสิทธิภาพ
A181: B000180 | B181: ='[1]รวมครุภัณฑ์ 70 (data)'!B7 -> 2570 | C181: ครุภัณฑ์ | D181: ='[1]รวมครุภัณฑ์ 70 (data)'!C7 -> ครุภัณฑ์ยานพาหนะและขนส่ง | E181: ='[1]รวมครุภัณฑ์ 70 (data)'!G7 -> รถโดยสารขนาด 12 ที่นั่ง (ดีเซล) ปริมาตรกระบอกสูบ ไม่ต่ำกว่า 2,400 ซีซี หรือกำลังเครื่องยนต์สูงสุดไม่ต่ำกว่า 90 กิโลวัตต์ | F181: ='[1]รวมครุภัณฑ์ 70 (data)'!H7 -> กคม. | G181: ='[1]รวมครุภัณฑ์ 70 (data)'!J7 -> กรุงเทพมหานคร | H181: =IF('รวมครุภัณฑ์ 70'!Q6="","",'รวมครุภัณฑ์ 70'!Q6) -> 1 | I181: =IF('รวมครุภัณฑ์ 70'!R6="","",'รวมครุภัณฑ์ 70'!R6) | K181: ='[1]รวมครุภัณฑ์ 70 (data)'!L7 -> 1498000 | L181: =_xlfn.TEXTJOIN(", ",TRUE, IF(H181<>"","ทดแทนครุภัณฑ์เดิม",""), IF(I181<>"","เพิ่มประสิทธิภาพ","")) -> ทดแทนครุภัณฑ์เดิม
A182: B000181 | B182: ='[1]รวมครุภัณฑ์ 70 (data)'!B8 -> 2570 | C182: ครุภัณฑ์ | D182: ='[1]รวมครุภัณฑ์ 70 (data)'!C8 -> ครุภัณฑ์ยานพาหนะและขนส่ง | E182: ='[1]รวมครุภัณฑ์ 70 (data)'!G8 -> รถโดยสารขนาด 12 ที่นั่ง (ดีเซล) ปริมาตรกระบอกสูบ ไม่ต่ำกว่า 2,400 ซีซี หรือกำลังเครื่องยนต์สูงสุดไม่ต่ำกว่า 90 กิโลวัตต์ | F182: ='[1]รวมครุภัณฑ์ 70 (data)'!H8 -> กคม. | G182: ='[1]รวมครุภัณฑ์ 70 (data)'!J8 -> กรุงเทพมหานคร | H182: =IF('รวมครุภัณฑ์ 70'!Q7="","",'รวมครุภัณฑ์ 70'!Q7) -> 1 | I182: =IF('รวมครุภัณฑ์ 70'!R7="","",'รวมครุภัณฑ์ 70'!R7) | K182: ='[1]รวมครุภัณฑ์ 70 (data)'!L8 -> 1498000 | L182: =_xlfn.TEXTJOIN(", ",TRUE, IF(H182<>"","ทดแทนครุภัณฑ์เดิม",""), IF(I182<>"","เพิ่มประสิทธิภาพ","")) -> ทดแทนครุภัณฑ์เดิม
A183: B000182 | B183: ='[1]รวมครุภัณฑ์ 70 (data)'!B9 -> 2570 | C183: ครุภัณฑ์ | D183: ='[1]รวมครุภัณฑ์ 70 (data)'!C9 -> ครุภัณฑ์ยานพาหนะและขนส่ง | E183: ='[1]รวมครุภัณฑ์ 70 (data)'!G9 -> รถโดยสารขนาด 12 ที่นั่ง (ดีเซล) ปริมาตรกระบอกสูบ ไม่ต่ำกว่า 2,400 ซีซี หรือกำลังเครื่องยนต์สูงสุดไม่ต่ำกว่า 90 กิโลวัตต์ | F183: ='[1]รวมครุภัณฑ์ 70 (data)'!H9 -> กคม. | G183: ='[1]รวมครุภัณฑ์ 70 (data)'!J9 -> กรุงเทพมหานคร | H183: =IF('รวมครุภัณฑ์ 70'!Q8="","",'รวมครุภัณฑ์ 70'!Q8) -> 1 | I183: =IF('รวมครุภัณฑ์ 70'!R8="","",'รวมครุภัณฑ์ 70'!R8) | K183: ='[1]รวมครุภัณฑ์ 70 (data)'!L9 -> 1498000 | L183: =_xlfn.TEXTJOIN(", ",TRUE, IF(H183<>"","ทดแทนครุภัณฑ์เดิม",""), IF(I183<>"","เพิ่มประสิทธิภาพ","")) -> ทดแทนครุภัณฑ์เดิม
A184: B000183 | B184: ='[1]รวมครุภัณฑ์ 70 (data)'!B10 -> 2570 | C184: ครุภัณฑ์ | D184: ='[1]รวมครุภัณฑ์ 70 (data)'!C10 -> ครุภัณฑ์ยานพาหนะและขนส่ง | E184: ='[1]รวมครุภัณฑ์ 70 (data)'!G10 -> รถบรรทุก (ดีเซล) ขนาด 1 ตัน ปริมาตรกระบอกสูบ ไม่ต่ำกว่า 2,400 ซีซี หรือกำลังเครื่องยนต์สูงสุดไม่ต่ำกว่า 110 กิโลวัตต์ ขับเคลื่อน 4 ล้อ แบบดับเบิ้ลแค็บ | F184: ='[1]รวมครุภัณฑ์ 70 (data)'!H10 -> กคม. | G184: ='[1]รวมครุภัณฑ์ 70 (data)'!J10 -> กรุงเทพมหานคร | H184: =IF('รวมครุภัณฑ์ 70'!Q9="","",'รวมครุภัณฑ์ 70'!Q9) -> 1 | I184: =IF('รวมครุภัณฑ์ 70'!R9="","",'รวมครุภัณฑ์ 70'!R9) | K184: ='[1]รวมครุภัณฑ์ 70 (data)'!L10 -> 1172000 | L184: =_xlfn.TEXTJOIN(", ",TRUE, IF(H184<>"","ทดแทนครุภัณฑ์เดิม",""), IF(I184<>"","เพิ่มประสิทธิภาพ","")) -> ทดแทนครุภัณฑ์เดิม
A185: B000184 | B185: ='[1]รวมครุภัณฑ์ 70 (data)'!B11 -> 2570 | C185: ครุภัณฑ์ | D185: ='[1]รวมครุภัณฑ์ 70 (data)'!C11 -> ครุภัณฑ์ยานพาหนะและขนส่ง | E185: ='[1]รวมครุภัณฑ์ 70 (data)'!G11 -> หลังคารถบรรทุก ขนาด 1 ตัน หลังคาไฟเบอร์กลาสหรือเหล็ก | F185: ='[1]รวมครุภัณฑ์ 70 (data)'!H11 -> กคม. | G185: ='[1]รวมครุภัณฑ์ 70 (data)'!J11 -> กรุงเทพมหานคร | H185: =IF('รวมครุภัณฑ์ 70'!Q10="","",'รวมครุภัณฑ์ 70'!Q10) -> 1 | I185: =IF('รวมครุภัณฑ์ 70'!R10="","",'รวมครุภัณฑ์ 70'!R10) | K185: ='[1]รวมครุภัณฑ์ 70 (data)'!L11 -> 35900 | L185: =_xlfn.TEXTJOIN(", ",TRUE, IF(H185<>"","ทดแทนครุภัณฑ์เดิม",""), IF(I185<>"","เพิ่มประสิทธิภาพ","")) -> ทดแทนครุภัณฑ์เดิม
A186: B000185 | B186: ='[1]รวมครุภัณฑ์ 70 (data)'!B12 -> 2570 | C186: ครุภัณฑ์ | D186: ='[1]รวมครุภัณฑ์ 70 (data)'!C12 -> ครุภัณฑ์งานบ้านงานครัว | E186: ='[1]รวมครุภัณฑ์ 70 (data)'!G12 -> เครื่องซักผ้าแบบธรรมดา ขนาด 15 กิโลกรัม | F186: ='[1]รวมครุภัณฑ์ 70 (data)'!H12 -> สคม.ปทุมธานี | G186: ='[1]รวมครุภัณฑ์ 70 (data)'!J12 -> ปทุมธานี | H186: =IF('รวมครุภัณฑ์ 70'!Q11="","",'รวมครุภัณฑ์ 70'!Q11) -> 3 | I186: =IF('รวมครุภัณฑ์ 70'!R11="","",'รวมครุภัณฑ์ 70'!R11) | K186: ='[1]รวมครุภัณฑ์ 70 (data)'!L12 -> 51000 | L186: =_xlfn.TEXTJOIN(", ",TRUE, IF(H186<>"","ทดแทนครุภัณฑ์เดิม",""), IF(I186<>"","เพิ่มประสิทธิภาพ","")) -> ทดแทนครุภัณฑ์เดิม
A187: B000186 | B187: ='[1]รวมครุภัณฑ์ 70 (data)'!B13 -> 2570 | C187: ครุภัณฑ์ | D187: ='[1]รวมครุภัณฑ์ 70 (data)'!C13 -> ครุภัณฑ์งานบ้านงานครัว | E187: ='[1]รวมครุภัณฑ์ 70 (data)'!G13 -> เครื่องตัดหญ้าแบบข้อแข็ง | F187: ='[1]รวมครุภัณฑ์ 70 (data)'!H13 -> สคม.ปทุมธานี | G187: ='[1]รวมครุภัณฑ์ 70 (data)'!J13 -> ปทุมธานี | H187: =IF('รวมครุภัณฑ์ 70'!Q12="","",'รวมครุภัณฑ์ 70'!Q12) | I187: =IF('รวมครุภัณฑ์ 70'!R12="","",'รวมครุภัณฑ์ 70'!R12) -> 2 | K187: ='[1]รวมครุภัณฑ์ 70 (data)'!L13 -> 19000 | L187: =_xlfn.TEXTJOIN(", ",TRUE, IF(H187<>"","ทดแทนครุภัณฑ์เดิม",""), IF(I187<>"","เพิ่มประสิทธิภาพ","")) -> เพิ่มประสิทธิภาพ
A188: B000187 | B188: ='[1]รวมครุภัณฑ์ 70 (data)'!B14 -> 2570 | C188: ครุภัณฑ์ | D188: ='[1]รวมครุภัณฑ์ 70 (data)'!C14 -> ครุภัณฑ์งานบ้านงานครัว | E188: ='[1]รวมครุภัณฑ์ 70 (data)'!G14 -> ปั๊มน้ำอัตโนมัติ ขนาด 200 วัตต์ | F188: ='[1]รวมครุภัณฑ์ 70 (data)'!H14 -> สคม.ปทุมธานี | G188: ='[1]รวมครุภัณฑ์ 70 (data)'!J14 -> ปทุมธานี | H188: =IF('รวมครุภัณฑ์ 70'!Q13="","",'รวมครุภัณฑ์ 70'!Q13) | I188: =IF('รวมครุภัณฑ์ 70'!R13="","",'รวมครุภัณฑ์ 70'!R13) -> 8 | K188: ='[1]รวมครุภัณฑ์ 70 (data)'!L14 -> 102400 | L188: =_xlfn.TEXTJOIN(", ",TRUE, IF(H188<>"","ทดแทนครุภัณฑ์เดิม",""), IF(I188<>"","เพิ่มประสิทธิภาพ","")) -> เพิ่มประสิทธิภาพ
... A630: B000629 | B630: ='[1]รวมครุภัณฑ์ 70 (data)'!B456 -> 2570 | C630: ครุภัณฑ์ | D630: ='[1]รวมครุภัณฑ์ 70 (data)'!C456 -> ครุภัณฑ์โฆษณาและเผยแพร่ | E630: ='[1]รวมครุภัณฑ์ 70 (data)'!G456 -> เครื่องมัลติมีเดียโปรเจคเตอร์ระดับ XGA ขนาด 5,000 ANSI Lumens | F630: ='[1]รวมครุภัณฑ์ 70 (data)'!H456 -> สสว.10 | G630: ='[1]รวมครุภัณฑ์ 70 (data)'!J456 -> สุราษฎร์ธานี | H630: =IF('รวมครุภัณฑ์ 70'!Q455="","",'รวมครุภัณฑ์ 70'!Q455) -> 1 | I630: =IF('รวมครุภัณฑ์ 70'!R455="","",'รวมครุภัณฑ์ 70'!R455) | K630: ='[1]รวมครุภัณฑ์ 70 (data)'!L456 -> 48600 | L630: =_xlfn.TEXTJOIN(", ",TRUE, IF(H630<>"","ทดแทนครุภัณฑ์เดิม",""), IF(I630<>"","เพิ่มประสิทธิภาพ","")) -> ทดแทนครุภัณฑ์เดิม
H631: =SUBTOTAL(9,H1:H630) -> 3353 | I631: =SUBTOTAL(9,I1:I630) -> 2104 | K631: =SUBTOTAL(9,K1:K630) -> 189919255

Sheet สรุปยานพาหนะ 67-70
A1: สถิติงบลงทุน 3 ปีย้อนหลัง (2567-2570) (ประเภท ยานพาหนะและขนส่ง)
A3: จังหวัด | B3: หน่วยงานที่ขอ | C3: พรบ. 67 | F3: พรบ. 68 | I3: พรบ. 69 | L3: คำขอ 70
C4: ครุภัณฑ์ | D4: จำนวน | E4: รวม | F4: ครุภัณฑ์ | G4: จำนวน | H4: รวม | I4: ครุภัณฑ์ | J4: จำนวน | K4: รวม | L4: ครุภัณฑ์ | M4: จำนวน (ขอทดแทน) | N4: จำนวน (เพิ่มประสิทธิภาพ) | O4: จำนวน (รวมคำขอทั้งสิ้น) | P4: รวม
A5: ภาคเหนือ
A6: เชียงราย | B6: พมจ.เชียงราย | C6: =SUMIFS('ครุภัณฑ์ 67'!G:G,'ครุภัณฑ์ 67'!C:C,"ยานพาหนะและขนส่ง",'ครุภัณฑ์ 67'!E:E,B6) -> 0 | D6: =SUMIFS('ครุภัณฑ์ 67'!F:F,'ครุภัณฑ์ 67'!C:C,"ยานพาหนะและขนส่ง",'ครุภัณฑ์ 67'!E:E,B6) -> 0 | E6: =C6:C17 -> 0 | F6: =SUMIFS('ครุภัณฑ์ 68'!G:G,'ครุภัณฑ์ 68'!C:C,"ยานพาหนะและขนส่ง",'ครุภัณฑ์ 68'!E:E,B6) -> 0 | G6: =SUMIFS('ครุภัณฑ์ 68'!F:F,'ครุภัณฑ์ 68'!C:C,"ยานพาหนะและขนส่ง",'ครุภัณฑ์ 68'!E:E,B6) -> 0 | H6: =F6 -> 0 | I6: =SUMIFS('ครุภัณฑ์ 69'!G:G,'ครุภัณฑ์ 69'!C:C,"ยานพาหนะและขนส่ง",'ครุภัณฑ์ 69'!E:E,B6) -> 0 | J6: =SUMIFS('ครุภัณฑ์ 69'!F:F,'ครุภัณฑ์ 69'!C:C,"ยานพาหนะและขนส่ง",'ครุภัณฑ์ 69'!E:E,B6) -> 0 | K6: =I6 -> 0 | L6: =SUMIFS('รวมครุภัณฑ์ 70'!L:L,'รวมครุภัณฑ์ 70'!C:C,"ครุภัณฑ์ยานพาหนะและขนส่ง",'รวมครุภัณฑ์ 70'!H:H,B6) -> 1207900 | M6: =SUMIFS('รวมครุภัณฑ์ 70'!Q:Q,'รวมครุภัณฑ์ 70'!C:C,"ครุภัณฑ์ยานพาหนะและขนส่ง",'รวมครุภัณฑ์ 70'!H:H,B6) -> 1 | N6: =SUMIFS('รวมครุภัณฑ์ 70'!R:R,'รวมครุภัณฑ์ 70'!C:C,"ครุภัณฑ์ยานพาหนะและขนส่ง",'รวมครุภัณฑ์ 70'!H:H,B6) -> 0 | O6: =M6+N6 -> 1 | P6: =L6 -> 1207900 | Q6: =SUM(L6:L17) -> 13982300
A7: เชียงราย | B7: สคม.เชียงราย | C7: =SUMIFS('ครุภัณฑ์ 67'!G:G,'ครุภัณฑ์ 67'!C:C,"ยานพาหนะและขนส่ง",'ครุภัณฑ์ 67'!E:E,B7) -> 0 | D7: =SUMIFS('ครุภัณฑ์ 67'!F:F,'ครุภัณฑ์ 67'!C:C,"ยานพาหนะและขนส่ง",'ครุภัณฑ์ 67'!E:E,B7) -> 0 | E7: =C7:C18 -> 0 | F7: =SUMIFS('ครุภัณฑ์ 68'!G:G,'ครุภัณฑ์ 68'!C:C,"ยานพาหนะและขนส่ง",'ครุภัณฑ์ 68'!E:E,B7) -> 0 | G7: =SUMIFS('ครุภัณฑ์ 68'!F:F,'ครุภัณฑ์ 68'!C:C,"ยานพาหนะและขนส่ง",'ครุภัณฑ์ 68'!E:E,B7) -> 0 | H7: =F7 -> 0 | I7: =SUMIFS('ครุภัณฑ์ 69'!G:G,'ครุภัณฑ์ 69'!C:C,"ยานพาหนะและขนส่ง",'ครุภัณฑ์ 69'!E:E,B7) -> 0 | J7: =SUMIFS('ครุภัณฑ์ 69'!F:F,'ครุภัณฑ์ 69'!C:C,"ยานพาหนะและขนส่ง",'ครุภัณฑ์ 69'!E:E,B7) -> 0 | K7: =I7 -> 0 | L7: =SUMIFS('รวมครุภัณฑ์ 70'!L:L,'รวมครุภัณฑ์ 70'!C:C,"ครุภัณฑ์ยานพาหนะและขนส่ง",'รวมครุภัณฑ์ 70'!H:H,B7) -> 2707900 | M7: =SUMIFS('รวมครุภัณฑ์ 70'!Q:Q,'รวมครุภัณฑ์ 70'!C:C,"ครุภัณฑ์ยานพาหนะและขนส่ง",'รวมครุภัณฑ์ 70'!H:H,B7) -> 2 | N7: =SUMIFS('รวมครุภัณฑ์ 70'!R:R,'รวมครุภัณฑ์ 70'!C:C,"ครุภัณฑ์ยานพาหนะและขนส่ง",'รวมครุภัณฑ์ 70'!H:H,B7) -> 0 | O7: =M7+N7 -> 2 | P7: =L7 -> 2707900 | Q7: =SUM(#REF!) -> #REF!
A8: เชียงใหม่ | B8: สสว.9 | C8: =SUMIFS('ครุภัณฑ์ 67'!G:G,'ครุภัณฑ์ 67'!C:C,"ยานพาหนะและขนส่ง",'ครุภัณฑ์ 67'!E:E,B8) -> 2448900 | D8: =SUMIFS('ครุภัณฑ์ 67'!F:F,'ครุภัณฑ์ 67'!C:C,"ยานพาหนะและขนส่ง",'ครุภัณฑ์ 67'!E:E,B8) -> 2 | E8: =C8:C19 -> 2448900 | F8: =SUMIFS('ครุภัณฑ์ 68'!G:G,'ครุภัณฑ์ 68'!C:C,"ยานพาหนะและขนส่ง",'ครุภัณฑ์ 68'!E:E,B8) -> 0 | G8: =SUMIFS('ครุภัณฑ์ 68'!F:F,'ครุภัณฑ์ 68'!C:C,"ยานพาหนะและขนส่ง",'ครุภัณฑ์ 68'!E:E,B8) -> 0 | H8: =F8 -> 0 | I8: =SUMIFS('ครุภัณฑ์ 69'!G:G,'ครุภัณฑ์ 69'!C:C,"ยานพาหนะและขนส่ง",'ครุภัณฑ์ 69'!E:E,B8) -> 0 | J8: =SUMIFS('ครุภัณฑ์ 69'!F:F,'ครุภัณฑ์ 69'!C:C,"ยานพาหนะและขนส่ง",'ครุภัณฑ์ 69'!E:E,B8) -> 0 | K8: =I8 -> 0 | L8: =SUMIFS('รวมครุภัณฑ์ 70'!L:L,'รวมครุภัณฑ์ 70'!C:C,"ครุภัณฑ์ยานพาหนะและขนส่ง",'รวมครุภัณฑ์ 70'!H:H,B8) -> 0 | M8: =SUMIFS('รวมครุภัณฑ์ 70'!Q:Q,'รวมครุภัณฑ์ 70'!C:C,"ครุภัณฑ์ยานพาหนะและขนส่ง",'รวมครุภัณฑ์ 70'!H:H,B8) -> 0 | N8: =SUMIFS('รวมครุภัณฑ์ 70'!R:R,'รวมครุภัณฑ์ 70'!C:C,"ครุภัณฑ์ยานพาหนะและขนส่ง",'รวมครุภัณฑ์ 70'!H:H,B8) -> 0 | O8: =M8+N8 -> 0 | P8: =L8 -> 0 | Q8: =SUM(P6:P17) -> 13982300
A9: เชียงใหม่ | B9: พมจ.เชียงใหม่ | C9: =SUMIFS('ครุภัณฑ์ 67'!G:G,'ครุภัณฑ์ 67'!C:C,"ยานพาหนะและขนส่ง",'ครุภัณฑ์ 67'!E:E,B9) -> 0 | D9: =SUMIFS('ครุภัณฑ์ 67'!F:F,'ครุภัณฑ์ 67'!C:C,"ยานพาหนะและขนส่ง",'ครุภัณฑ์ 67'!E:E,B9) -> 0 | E9: - | F9: =SUMIFS('ครุภัณฑ์ 68'!G:G,'ครุภัณฑ์ 68'!C:C,"ยานพาหนะและขนส่ง",'ครุภัณฑ์ 68'!E:E,B9) -> 1358000 | G9: =SUMIFS('ครุภัณฑ์ 68'!F:F,'ครุภัณฑ์ 68'!C:C,"ยานพาหนะและขนส่ง",'ครุภัณฑ์ 68'!E:E,B9) -> 1 | H9: =F9 -> 1358000 | I9: =SUMIFS('ครุภัณฑ์ 69'!G:G,'ครุภัณฑ์ 69'!C:C,"ยานพาหนะและขนส่ง",'ครุภัณฑ์ 69'!E:E,B9) -> 0 | J9: =SUMIFS('ครุภัณฑ์ 69'!F:F,'ครุภัณฑ์ 69'!C:C,"ยานพาหนะและขนส่ง",'ครุภัณฑ์ 69'!E:E,B9) -> 0 | K9: =I9 -> 0 | L9: =SUMIFS('รวมครุภัณฑ์ 70'!L:L,'รวมครุภัณฑ์ 70'!C:C,"ครุภัณฑ์ยานพาหนะและขนส่ง",'รวมครุภัณฑ์ 70'!H:H,B9) -> 1207900 | M9: =SUMIFS('รวมครุภัณฑ์ 70'!Q:Q,'รวมครุภัณฑ์ 70'!C:C,"ครุภัณฑ์ยานพาหนะและขนส่ง",'รวมครุภัณฑ์ 70'!H:H,B9) -> 1 | N9: =SUMIFS('รวมครุภัณฑ์ 70'!R:R,'รวมครุภัณฑ์ 70'!C:C,"ครุภัณฑ์ยานพาหนะและขนส่ง",'รวมครุภัณฑ์ 70'!H:H,B9) -> 0 | O9: =M9+N9 -> 1 | P9: =L9 -> 1207900
A10: น่าน | B10: พมจ.น่าน | C10: =SUMIFS('ครุภัณฑ์ 67'!G:G,'ครุภัณฑ์ 67'!C:C,"ยานพาหนะและขนส่ง",'ครุภัณฑ์ 67'!E:E,B10) -> 1358000 | D10: =SUMIFS('ครุภัณฑ์ 67'!F:F,'ครุภัณฑ์ 67'!C:C,"ยานพาหนะและขนส่ง",'ครุภัณฑ์ 67'!E:E,B10) -> 1 | E10: =C10:C21 -> 1358000 | F10: =SUMIFS('ครุภัณฑ์ 68'!G:G,'ครุภัณฑ์ 68'!C:C,"ยานพาหนะและขนส่ง",'ครุภัณฑ์ 68'!E:E,B10) -> 0 | G10: =SUMIFS('ครุภัณฑ์ 68'!F:F,'ครุภัณฑ์ 68'!C:C,"ยานพาหนะและขนส่ง",'ครุภัณฑ์ 68'!E:E,B10) -> 0 | H10: =F10 -> 0 | I10: =SUMIFS('ครุภัณฑ์ 69'!G:G,'ครุภัณฑ์ 69'!C:C,"ยานพาหนะและขนส่ง",'ครุภัณฑ์ 69'!E:E,B10) -> 0 | J10: =SUMIFS('ครุภัณฑ์ 69'!F:F,'ครุภัณฑ์ 69'!C:C,"ยานพาหนะและขนส่ง",'ครุภัณฑ์ 69'!E:E,B10) -> 0 | K10: =I10 -> 0 | L10: =SUMIFS('รวมครุภัณฑ์ 70'!L:L,'รวมครุภัณฑ์ 70'!C:C,"ครุภัณฑ์ยานพาหนะและขนส่ง",'รวมครุภัณฑ์ 70'!H:H,B10) -> 1207900 | M10: =SUMIFS('รวมครุภัณฑ์ 70'!Q:Q,'รวมครุภัณฑ์ 70'!C:C,"ครุภัณฑ์ยานพาหนะและขนส่ง",'รวมครุภัณฑ์ 70'!H:H,B10) -> 1 | N10: =SUMIFS('รวมครุภัณฑ์ 70'!R:R,'รวมครุภัณฑ์ 70'!C:C,"ครุภัณฑ์ยานพาหนะและขนส่ง",'รวมครุภัณฑ์ 70'!H:H,B10) -> 0 | O10: =M10+N10 -> 1 | P10: =L10 -> 1207900
A11: พะเยา | B11: พมจ.พะเยา | C11: =SUMIFS('ครุภัณฑ์ 67'!G:G,'ครุภัณฑ์ 67'!C:C,"ยานพาหนะและขนส่ง",'ครุภัณฑ์ 67'!E:E,B11) -> 0 | D11: =SUMIFS('ครุภัณฑ์ 67'!F:F,'ครุภัณฑ์ 67'!C:C,"ยานพาหนะและขนส่ง",'ครุภัณฑ์ 67'!E:E,B11) -> 0 | E11: =C11:C22 -> 0 | F11: =SUMIFS('ครุภัณฑ์ 68'!G:G,'ครุภัณฑ์ 68'!C:C,"ยานพาหนะและขนส่ง",'ครุภัณฑ์ 68'!E:E,B11) -> 0 | G11: =SUMIFS('ครุภัณฑ์ 68'!F:F,'ครุภัณฑ์ 68'!C:C,"ยานพาหนะและขนส่ง",'ครุภัณฑ์ 68'!E:E,B11) -> 0 | H11: =F11 -> 0 | I11: =SUMIFS('ครุภัณฑ์ 69'!G:G,'ครุภัณฑ์ 69'!C:C,"ยานพาหนะและขนส่ง",'ครุภัณฑ์ 69'!E:E,B11) -> 0 | J11: =SUMIFS('ครุภัณฑ์ 69'!F:F,'ครุภัณฑ์ 69'!C:C,"ยานพาหนะและขนส่ง",'ครุภัณฑ์ 69'!E:E,B11) -> 0 | K11: =I11 -> 0 | L11: =SUMIFS('รวมครุภัณฑ์ 70'!L:L,'รวมครุภัณฑ์ 70'!C:C,"ครุภัณฑ์ยานพาหนะและขนส่ง",'รวมครุภัณฑ์ 70'!H:H,B11) -> 0 | M11: =SUMIFS('รวมครุภัณฑ์ 70'!Q:Q,'รวมครุภัณฑ์ 70'!C:C,"ครุภัณฑ์ยานพาหนะและขนส่ง",'รวมครุภัณฑ์ 70'!H:H,B11) -> 0 | N11: =SUMIFS('รวมครุภัณฑ์ 70'!R:R,'รวมครุภัณฑ์ 70'!C:C,"ครุภัณฑ์ยานพาหนะและขนส่ง",'รวมครุภัณฑ์ 70'!H:H,B11) -> 0 | O11: =M11+N11 -> 0 | P11: =L11 -> 0
A12: แพร่ | B12: พมจ.แพร่ | C12: =SUMIFS('ครุภัณฑ์ 67'!G:G,'ครุภัณฑ์ 67'!C:C,"ยานพาหนะและขนส่ง",'ครุภัณฑ์ 67'!E:E,B12) -> 0 | D12: =SUMIFS('ครุภัณฑ์ 67'!F:F,'ครุภัณฑ์ 67'!C:C,"ยานพาหนะและขนส่ง",'ครุภัณฑ์ 67'!E:E,B12) -> 0 | E12: =C12:C23 -> 0 | F12: =SUMIFS('ครุภัณฑ์ 68'!G:G,'ครุภัณฑ์ 68'!C:C,"ยานพาหนะและขนส่ง",'ครุภัณฑ์ 68'!E:E,B12) -> 885900 | G12: =SUMIFS('ครุภัณฑ์ 68'!F:F,'ครุภัณฑ์ 68'!C:C,"ยานพาหนะและขนส่ง",'ครุภัณฑ์ 68'!E:E,B12) -> 1 | H12: =F12 -> 885900 | I12: =SUMIFS('ครุภัณฑ์ 69'!G:G,'ครุภัณฑ์ 69'!C:C,"ยานพาหนะและขนส่ง",'ครุภัณฑ์ 69'!E:E,B12) -> 0 | J12: =SUMIFS('ครุภัณฑ์ 69'!F:F,'ครุภัณฑ์ 69'!C:C,"ยานพาหนะและขนส่ง",'ครุภัณฑ์ 69'!E:E,B12) -> 0 | K12: =I12 -> 0 | L12: =SUMIFS('รวมครุภัณฑ์ 70'!L:L,'รวมครุภัณฑ์ 70'!C:C,"ครุภัณฑ์ยานพาหนะและขนส่ง",'รวมครุภัณฑ์ 70'!H:H,B12) -> 0 | M12: =SUMIFS('รวมครุภัณฑ์ 70'!Q:Q,'รวมครุภัณฑ์ 70'!C:C,"ครุภัณฑ์ยานพาหนะและขนส่ง",'รวมครุภัณฑ์ 70'!H:H,B12) -> 0 | N12: =SUMIFS('รวมครุภัณฑ์ 70'!R:R,'รวมครุภัณฑ์ 70'!C:C,"ครุภัณฑ์ยานพาหนะและขนส่ง",'รวมครุภัณฑ์ 70'!H:H,B12) -> 0 | O12: =M12+N12 -> 0 | P12: =L12 -> 0
A13: แม่ฮ่องสอน | B13: พมจ.แม่ฮ่องสอน | C13: =SUMIFS('ครุภัณฑ์ 67'!G:G,'ครุภัณฑ์ 67'!C:C,"ยานพาหนะและขนส่ง",'ครุภัณฑ์ 67'!E:E,B13) -> 0 | D13: =SUMIFS('ครุภัณฑ์ 67'!F:F,'ครุภัณฑ์ 67'!C:C,"ยานพาหนะและขนส่ง",'ครุภัณฑ์ 67'!E:E,B13) -> 0 | E13: =C13:C24 -> 0 | F13: =SUMIFS('ครุภัณฑ์ 68'!G:G,'ครุภัณฑ์ 68'!C:C,"ยานพาหนะและขนส่ง",'ครุภัณฑ์ 68'!E:E,B13) -> 1090900 | G13: =SUMIFS('ครุภัณฑ์ 68'!F:F,'ครุภัณฑ์ 68'!C:C,"ยานพาหนะและขนส่ง",'ครุภัณฑ์ 68'!E:E,B13) -> 1 | H13: =F13 -> 1090900 | I13: =SUMIFS('ครุภัณฑ์ 69'!G:G,'ครุภัณฑ์ 69'!C:C,"ยานพาหนะและขนส่ง",'ครุภัณฑ์ 69'!E:E,B13) -> 1369000 | J13: =SUMIFS('ครุภัณฑ์ 69'!F:F,'ครุภัณฑ์ 69'!C:C,"ยานพาหนะและขนส่ง",'ครุภัณฑ์ 69'!E:E,B13) -> 1 | K13: =I13 -> 1369000 | L13: =SUMIFS('รวมครุภัณฑ์ 70'!L:L,'รวมครุภัณฑ์ 70'!C:C,"ครุภัณฑ์ยานพาหนะและขนส่ง",'รวมครุภัณฑ์ 70'!H:H,B13) -> 1268000 | M13: =SUMIFS('รวมครุภัณฑ์ 70'!Q:Q,'รวมครุภัณฑ์ 70'!C:C,"ครุภัณฑ์ยานพาหนะและขนส่ง",'รวมครุภัณฑ์ 70'!H:H,B13) -> 2 | N13: =SUMIFS('รวมครุภัณฑ์ 70'!R:R,'รวมครุภัณฑ์ 70'!C:C,"ครุภัณฑ์ยานพาหนะและขนส่ง",'รวมครุภัณฑ์ 70'!H:H,B13) -> 0 | O13: =M13+N13 -> 2 | P13: =L13 -> 1268000
A14: ลำปาง | B14: พมจ.ลำปาง | C14: =SUMIFS('ครุภัณฑ์ 67'!G:G,'ครุภัณฑ์ 67'!C:C,"ยานพาหนะและขนส่ง",'ครุภัณฑ์ 67'!E:E,B14) -> 0 | D14: =SUMIFS('ครุภัณฑ์ 67'!F:F,'ครุภัณฑ์ 67'!C:C,"ยานพาหนะและขนส่ง",'ครุภัณฑ์ 67'!E:E,B14) -> 0 | E14: =C14:C25 -> 0 | F14: =SUMIFS('ครุภัณฑ์ 68'!G:G,'ครุภัณฑ์ 68'!C:C,"ยานพาหนะและขนส่ง",'ครุภัณฑ์ 68'!E:E,B14) -> 1358000 | G14: =SUMIFS('ครุภัณฑ์ 68'!F:F,'ครุภัณฑ์ 68'!C:C,"ยานพาหนะและขนส่ง",'ครุภัณฑ์ 68'!E:E,B14) -> 1 | H14: =F14 -> 1358000 | I14: =SUMIFS('ครุภัณฑ์ 69'!G:G,'ครุภัณฑ์ 69'!C:C,"ยานพาหนะและขนส่ง",'ครุภัณฑ์ 69'!E:E,B14) -> 0 | J14: =SUMIFS('ครุภัณฑ์ 69'!F:F,'ครุภัณฑ์ 69'!C:C,"ยานพาหนะและขนส่ง",'ครุภัณฑ์ 69'!E:E,B14) -> 0 | K14: =I14 -> 0 | L14: =SUMIFS('รวมครุภัณฑ์ 70'!L:L,'รวมครุภัณฑ์ 70'!C:C,"ครุภัณฑ์ยานพาหนะและขนส่ง",'รวมครุภัณฑ์ 70'!H:H,B14) -> 970900 | M14: =SUMIFS('รวมครุภัณฑ์ 70'!Q:Q,'รวมครุภัณฑ์ 70'!C:C,"ครุภัณฑ์ยานพาหนะและขนส่ง",'รวมครุภัณฑ์ 70'!H:H,B14) -> 1 | N14: =SUMIFS('รวมครุภัณฑ์ 70'!R:R,'รวมครุภัณฑ์ 70'!C:C,"ครุภัณฑ์ยานพาหนะและขนส่ง",'รวมครุภัณฑ์ 70'!H:H,B14) -> 0 | O14: =M14+N14 -> 1 | P14: =L14 -> 970900
A15: ลำพูน | B15: พมจ.ลำพูน | C15: =SUMIFS('ครุภัณฑ์ 67'!G:G,'ครุภัณฑ์ 67'!C:C,"ยานพาหนะและขนส่ง",'ครุภัณฑ์ 67'!E:E,B15) -> 0 | D15: =SUMIFS('ครุภัณฑ์ 67'!F:F,'ครุภัณฑ์ 67'!C:C,"ยานพาหนะและขนส่ง",'ครุภัณฑ์ 67'!E:E,B15) -> 0 | E15: =C15:C26 -> 0 | F15: =SUMIFS('ครุภัณฑ์ 68'!G:G,'ครุภัณฑ์ 68'!C:C,"ยานพาหนะและขนส่ง",'ครุภัณฑ์ 68'!E:E,B15) -> 0 | G15: =SUMIFS('ครุภัณฑ์ 68'!F:F,'ครุภัณฑ์ 68'!C:C,"ยานพาหนะและขนส่ง",'ครุภัณฑ์ 68'!E:E,B15) -> 0 | H15: =F15 -> 0 | I15: =SUMIFS('ครุภัณฑ์ 69'!G:G,'ครุภัณฑ์ 69'!C:C,"ยานพาหนะและขนส่ง",'ครุภัณฑ์ 69'!E:E,B15) -> 0 | J15: =SUMIFS('ครุภัณฑ์ 69'!F:F,'ครุภัณฑ์ 69'!C:C,"ยานพาหนะและขนส่ง",'ครุภัณฑ์ 69'!E:E,B15) -> 0 | K15: =I15 -> 0 | L15: =SUMIFS('รวมครุภัณฑ์ 70'!L:L,'รวมครุภัณฑ์ 70'!C:C,"ครุภัณฑ์ยานพาหนะและขนส่ง",'รวมครุภัณฑ์ 70'!H:H,B15) -> 2705900 | M15: =SUMIFS('รวมครุภัณฑ์ 70'!Q:Q,'รวมครุภัณฑ์ 70'!C:C,"ครุภัณฑ์ยานพาหนะและขนส่ง",'รวมครุภัณฑ์ 70'!H:H,B15) -> 2 | N15: =SUMIFS('รวมครุภัณฑ์ 70'!R:R,'รวมครุภัณฑ์ 70'!C:C,"ครุภัณฑ์ยานพาหนะและขนส่ง",'รวมครุภัณฑ์ 70'!H:H,B15) -> 0 | O15: =M15+N15 -> 2 | P15: =L15 -> 2705900
A16: อุตรดิตถ์ | B16: สสว.8 | C16: =SUMIFS('ครุภัณฑ์ 67'!G:G,'ครุภัณฑ์ 67'!C:C,"ยานพาหนะและขนส่ง",'ครุภัณฑ์ 67'!E:E,B16) -> 885900 | D16: =SUMIFS('ครุภัณฑ์ 67'!F:F,'ครุภัณฑ์ 67'!C:C,"ยานพาหนะและขนส่ง",'ครุภัณฑ์ 67'!E:E,B16) -> 1 | E16: =C16:C27 -> 885900 | F16: =SUMIFS('ครุภัณฑ์ 68'!G:G,'ครุภัณฑ์ 68'!C:C,"ยานพาหนะและขนส่ง",'ครุภัณฑ์ 68'!E:E,B16) -> 0 | G16: =SUMIFS('ครุภัณฑ์ 68'!F:F,'ครุภัณฑ์ 68'!C:C,"ยานพาหนะและขนส่ง",'ครุภัณฑ์ 68'!E:E,B16) -> 0 | H16: =F16 -> 0 | I16: =SUMIFS('ครุภัณฑ์ 69'!G:G,'ครุภัณฑ์ 69'!C:C,"ยานพาหนะและขนส่ง",'ครุภัณฑ์ 69'!E:E,B16) -> 1207900 | J16: =SUMIFS('ครุภัณฑ์ 69'!F:F,'ครุภัณฑ์ 69'!C:C,"ยานพาหนะและขนส่ง",'ครุภัณฑ์ 69'!E:E,B16) -> 1 | K16: =I16 -> 1207900 | L16: =SUMIFS('รวมครุภัณฑ์ 70'!L:L,'รวมครุภัณฑ์ 70'!C:C,"ครุภัณฑ์ยานพาหนะและขนส่ง",'รวมครุภัณฑ์ 70'!H:H,B16) -> 0 | M16: =SUMIFS('รวมครุภัณฑ์ 70'!Q:Q,'รวมครุภัณฑ์ 70'!C:C,"ครุภัณฑ์ยานพาหนะและขนส่ง",'รวมครุภัณฑ์ 70'!H:H,B16) -> 0 | N16: =SUMIFS('รวมครุภัณฑ์ 70'!R:R,'รวมครุภัณฑ์ 70'!C:C,"ครุภัณฑ์ยานพาหนะและขนส่ง",'รวมครุภัณฑ์ 70'!H:H,B16) -> 0 | O16: =M16+N16 -> 0 | P16: =L16 -> 0
A17: อุตรดิตถ์ | B17: พมจ.อุตรดิตถ์ | C17: =SUMIFS('ครุภัณฑ์ 67'!G:G,'ครุภัณฑ์ 67'!C:C,"ยานพาหนะและขนส่ง",'ครุภัณฑ์ 67'!E:E,B17) -> 0 | D17: =SUMIFS('ครุภัณฑ์ 67'!F:F,'ครุภัณฑ์ 67'!C:C,"ยานพาหนะและขนส่ง",'ครุภัณฑ์ 67'!E:E,B17) -> 0 | E17: =C17:C28 -> 0 | F17: =SUMIFS('ครุภัณฑ์ 68'!G:G,'ครุภัณฑ์ 68'!C:C,"ยานพาหนะและขนส่ง",'ครุภัณฑ์ 68'!E:E,B17) -> 1090900 | G17: =SUMIFS('ครุภัณฑ์ 68'!F:F,'ครุภัณฑ์ 68'!C:C,"ยานพาหนะและขนส่ง",'ครุภัณฑ์ 68'!E:E,B17) -> 1 | H17: =F17 -> 1090900 | I17: =SUMIFS('ครุภัณฑ์ 69'!G:G,'ครุภัณฑ์ 69'!C:C,"ยานพาหนะและขนส่ง",'ครุภัณฑ์ 69'!E:E,B17) -> 0 | J17: =SUMIFS('ครุภัณฑ์ 69'!F:F,'ครุภัณฑ์ 69'!C:C,"ยานพาหนะและขนส่ง",'ครุภัณฑ์ 69'!E:E,B17) -> 0 | K17: =I17 -> 0 | L17: =SUMIFS('รวมครุภัณฑ์ 70'!L:L,'รวมครุภัณฑ์ 70'!C:C,"ครุภัณฑ์ยานพาหนะและขนส่ง",'รวมครุภัณฑ์ 70'!H:H,B17) -> 2705900 | M17: =SUMIFS('รวมครุภัณฑ์ 70'!Q:Q,'รวมครุภัณฑ์ 70'!C:C,"ครุภัณฑ์ยานพาหนะและขนส่ง",'รวมครุภัณฑ์ 70'!H:H,B17) -> 2 | N17: =SUMIFS('รวมครุภัณฑ์ 70'!R:R,'รวมครุภัณฑ์ 70'!C:C,"ครุภัณฑ์ยานพาหนะและขนส่ง",'รวมครุภัณฑ์ 70'!H:H,B17) -> 0 | O17: =M17+N17 -> 2 | P17: =L17 -> 2705900
A18: ภาคตะวันออกเฉียงเหนือ
A19: กาฬสินธุ์ | B19: พมจ.กาฬสินธุ์ | C19: =SUMIFS('ครุภัณฑ์ 67'!G:G,'ครุภัณฑ์ 67'!C:C,"ยานพาหนะและขนส่ง",'ครุภัณฑ์ 67'!E:E,B19) -> 1976800 | D19: =SUMIFS('ครุภัณฑ์ 67'!F:F,'ครุภัณฑ์ 67'!C:C,"ยานพาหนะและขนส่ง",'ครุภัณฑ์ 67'!E:E,B19) -> 2 | E19: =C19:C30 -> 1976800 | F19: =SUMIFS('ครุภัณฑ์ 68'!G:G,'ครุภัณฑ์ 68'!C:C,"ยานพาหนะและขนส่ง",'ครุภัณฑ์ 68'!E:E,B19) -> 0 | G19: =SUMIFS('ครุภัณฑ์ 68'!F:F,'ครุภัณฑ์ 68'!C:C,"ยานพาหนะและขนส่ง",'ครุภัณฑ์ 68'!E:E,B19) -> 0 | H19: =F19 -> 0 | I19: =SUMIFS('ครุภัณฑ์ 69'!G:G,'ครุภัณฑ์ 69'!C:C,"ยานพาหนะและขนส่ง",'ครุภัณฑ์ 69'!E:E,B19) -> 970900 | J19: =SUMIFS('ครุภัณฑ์ 69'!F:F,'ครุภัณฑ์ 69'!C:C,"ยานพาหนะและขนส่ง",'ครุภัณฑ์ 69'!E:E,B19) -> 1 | K19: =I19 -> 970900 | L19: =SUMIFS('รวมครุภัณฑ์ 70'!L:L,'รวมครุภัณฑ์ 70'!C:C,"ครุภัณฑ์ยานพาหนะและขนส่ง",'รวมครุภัณฑ์ 70'!H:H,B19) -> 1498000 | M19: =SUMIFS('รวมครุภัณฑ์ 70'!Q:Q,'รวมครุภัณฑ์ 70'!C:C,"ครุภัณฑ์ยานพาหนะและขนส่ง",'รวมครุภัณฑ์ 70'!H:H,B19) -> 1 | N19: =SUMIFS('รวมครุภัณฑ์ 70'!R:R,'รวมครุภัณฑ์ 70'!C:C,"ครุภัณฑ์ยานพาหนะและขนส่ง",'รวมครุภัณฑ์ 70'!H:H,B19) -> 0 | O19: =M19+N19 -> 1 | P19: =L19 -> 1498000 | Q19: =SUM(L19:L42) -> 16485500
A20: กาฬสินธุ์ | B20: สสว.6 | C20: =SUMIFS('ครุภัณฑ์ 67'!G:G,'ครุภัณฑ์ 67'!C:C,"ยานพาหนะและขนส่ง",'ครุภัณฑ์ 67'!E:E,B20) -> 0 | D20: =SUMIFS('ครุภัณฑ์ 67'!F:F,'ครุภัณฑ์ 67'!C:C,"ยานพาหนะและขนส่ง",'ครุภัณฑ์ 67'!E:E,B20) -> 0 | E20: =C20:C31 -> 0 | F20: =SUMIFS('ครุภัณฑ์ 68'!G:G,'ครุภัณฑ์ 68'!C:C,"ยานพาหนะและขนส่ง",'ครุภัณฑ์ 68'!E:E,B20) -> 0 | G20: =SUMIFS('ครุภัณฑ์ 68'!F:F,'ครุภัณฑ์ 68'!C:C,"ยานพาหนะและขนส่ง",'ครุภัณฑ์ 68'!E:E,B20) -> 0 | H20: =F20 -> 0 | I20: =SUMIFS('ครุภัณฑ์ 69'!G:G,'ครุภัณฑ์ 69'!C:C,"ยานพาหนะและขนส่ง",'ครุภัณฑ์ 69'!E:E,B20) -> 1369000 | J20: =SUMIFS('ครุภัณฑ์ 69'!F:F,'ครุภัณฑ์ 69'!C:C,"ยานพาหนะและขนส่ง",'ครุภัณฑ์ 69'!E:E,B20) -> 1 | K20: =I20 -> 1369000 | L20: =SUMIFS('รวมครุภัณฑ์ 70'!L:L,'รวมครุภัณฑ์ 70'!C:C,"ครุภัณฑ์ยานพาหนะและขนส่ง",'รวมครุภัณฑ์ 70'!H:H,B20) -> 0 | M20: =SUMIFS('รวมครุภัณฑ์ 70'!Q:Q,'รวมครุภัณฑ์ 70'!C:C,"ครุภัณฑ์ยานพาหนะและขนส่ง",'รวมครุภัณฑ์ 70'!H:H,B20) -> 0 | N20: =SUMIFS('รวมครุภัณฑ์ 70'!R:R,'รวมครุภัณฑ์ 70'!C:C,"ครุภัณฑ์ยานพาหนะและขนส่ง",'รวมครุภัณฑ์ 70'!H:H,B20) -> 0 | O20: =M20+N20 -> 0 | P20: =L20 -> 0 | Q20: =SUM(#REF!) -> #REF!
A21: ขอนแก่น | B21: พมจ.ขอนแก่น | C21: =SUMIFS('ครุภัณฑ์ 67'!G:G,'ครุภัณฑ์ 67'!C:C,"ยานพาหนะและขนส่ง",'ครุภัณฑ์ 67'!E:E,B21) -> 0 | D21: =SUMIFS('ครุภัณฑ์ 67'!F:F,'ครุภัณฑ์ 67'!C:C,"ยานพาหนะและขนส่ง",'ครุภัณฑ์ 67'!E:E,B21) -> 0 | E21: =C21 -> 0 | F21: =SUMIFS('ครุภัณฑ์ 68'!G:G,'ครุภัณฑ์ 68'!C:C,"ยานพาหนะและขนส่ง",'ครุภัณฑ์ 68'!E:E,B21) -> 0 | G21: =SUMIFS('ครุภัณฑ์ 68'!F:F,'ครุภัณฑ์ 68'!C:C,"ยานพาหนะและขนส่ง",'ครุภัณฑ์ 68'!E:E,B21) -> 0 | H21: =F21 -> 0 | I21: =SUMIFS('ครุภัณฑ์ 69'!G:G,'ครุภัณฑ์ 69'!C:C,"ยานพาหนะและขนส่ง",'ครุภัณฑ์ 69'!E:E,B21) -> 0 | J21: =SUMIFS('ครุภัณฑ์ 69'!F:F,'ครุภัณฑ์ 69'!C:C,"ยานพาหนะและขนส่ง",'ครุภัณฑ์ 69'!E:E,B21) -> 0 | K21: =I21 -> 0 | L21: =SUMIFS('รวมครุภัณฑ์ 70'!L:L,'รวมครุภัณฑ์ 70'!C:C,"ครุภัณฑ์ยานพาหนะและขนส่ง",'รวมครุภัณฑ์ 70'!H:H,B21) -> 0 | M21: =SUMIFS('รวมครุภัณฑ์ 70'!Q:Q,'รวมครุภัณฑ์ 70'!C:C,"ครุภัณฑ์ยานพาหนะและขนส่ง",'รวมครุภัณฑ์ 70'!H:H,B21) -> 0 | N21: =SUMIFS('รวมครุภัณฑ์ 70'!R:R,'รวมครุภัณฑ์ 70'!C:C,"ครุภัณฑ์ยานพาหนะและขนส่ง",'รวมครุภัณฑ์ 70'!H:H,B21) -> 0 | O21: =M21+N21 -> 0 | P21: =L21 -> 0 | Q21: =SUM(P19:P42) -> 16485500
A22: ขอนแก่น | B22: สสว.5 | C22: =SUMIFS('ครุภัณฑ์ 67'!G:G,'ครุภัณฑ์ 67'!C:C,"ยานพาหนะและขนส่ง",'ครุภัณฑ์ 67'!E:E,B22) -> 1358000 | D22: =SUMIFS('ครุภัณฑ์ 67'!F:F,'ครุภัณฑ์ 67'!C:C,"ยานพาหนะและขนส่ง",'ครุภัณฑ์ 67'!E:E,B22) -> 1 | E22: =C22 -> 1358000 | F22: =SUMIFS('ครุภัณฑ์ 68'!G:G,'ครุภัณฑ์ 68'!C:C,"ยานพาหนะและขนส่ง",'ครุภัณฑ์ 68'!E:E,B22) -> 0 | G22: =SUMIFS('ครุภัณฑ์ 68'!F:F,'ครุภัณฑ์ 68'!C:C,"ยานพาหนะและขนส่ง",'ครุภัณฑ์ 68'!E:E,B22) -> 0 | H22: =F22 -> 0 | I22: =SUMIFS('ครุภัณฑ์ 69'!G:G,'ครุภัณฑ์ 69'!C:C,"ยานพาหนะและขนส่ง",'ครุภัณฑ์ 69'!E:E,B22) -> 0 | J22: =SUMIFS('ครุภัณฑ์ 69'!F:F,'ครุภัณฑ์ 69'!C:C,"ยานพาหนะและขนส่ง",'ครุภัณฑ์ 69'!E:E,B22) -> 0 | K22: =I22 -> 0 | L22: =SUMIFS('รวมครุภัณฑ์ 70'!L:L,'รวมครุภัณฑ์ 70'!C:C,"ครุภัณฑ์ยานพาหนะและขนส่ง",'รวมครุภัณฑ์ 70'!H:H,B22) -> 0 | M22: =SUMIFS('รวมครุภัณฑ์ 70'!Q:Q,'รวมครุภัณฑ์ 70'!C:C,"ครุภัณฑ์ยานพาหนะและขนส่ง",'รวมครุภัณฑ์ 70'!H:H,B22) -> 0 | N22: =SUMIFS('รวมครุภัณฑ์ 70'!R:R,'รวมครุภัณฑ์ 70'!C:C,"ครุภัณฑ์ยานพาหนะและขนส่ง",'รวมครุภัณฑ์ 70'!H:H,B22) -> 0 | O22: =M22+N22 -> 0 | P22: =L22 -> 0
A23: ชัยภูมิ | B23: พมจ.ชัยภูมิ | C23: =SUMIFS('ครุภัณฑ์ 67'!G:G,'ครุภัณฑ์ 67'!C:C,"ยานพาหนะและขนส่ง",'ครุภัณฑ์ 67'!E:E,B23) -> 1090900 | D23: =SUMIFS('ครุภัณฑ์ 67'!F:F,'ครุภัณฑ์ 67'!C:C,"ยานพาหนะและขนส่ง",'ครุภัณฑ์ 67'!E:E,B23) -> 1 | E23: =C23 -> 1090900 | F23: =SUMIFS('ครุภัณฑ์ 68'!G:G,'ครุภัณฑ์ 68'!C:C,"ยานพาหนะและขนส่ง",'ครุภัณฑ์ 68'!E:E,B23) -> 0 | G23: =SUMIFS('ครุภัณฑ์ 68'!F:F,'ครุภัณฑ์ 68'!C:C,"ยานพาหนะและขนส่ง",'ครุภัณฑ์ 68'!E:E,B23) -> 0 | H23: =F23 -> 0 | I23: =SUMIFS('ครุภัณฑ์ 69'!G:G,'ครุภัณฑ์ 69'!C:C,"ยานพาหนะและขนส่ง",'ครุภัณฑ์ 69'!E:E,B23) -> 0 | J23: =SUMIFS('ครุภัณฑ์ 69'!F:F,'ครุภัณฑ์ 69'!C:C,"ยานพาหนะและขนส่ง",'ครุภัณฑ์ 69'!E:E,B23) -> 0 | K23: =I23 -> 0 | L23: =SUMIFS('รวมครุภัณฑ์ 70'!L:L,'รวมครุภัณฑ์ 70'!C:C,"ครุภัณฑ์ยานพาหนะและขนส่ง",'รวมครุภัณฑ์ 70'!H:H,B23) -> 2415800 | M23: =SUMIFS('รวมครุภัณฑ์ 70'!Q:Q,'รวมครุภัณฑ์ 70'!C:C,"ครุภัณฑ์ยานพาหนะและขนส่ง",'รวมครุภัณฑ์ 70'!H:H,B23) -> 2 | N23: =SUMIFS('รวมครุภัณฑ์ 70'!R:R,'รวมครุภัณฑ์ 70'!C:C,"ครุภัณฑ์ยานพาหนะและขนส่ง",'รวมครุภัณฑ์ 70'!H:H,B23) -> 0 | O23: =M23+N23 -> 2 | P23: =L23 -> 2415800
A24: นครพนม | B24: พมจ.นครพนม | C24: =SUMIFS('ครุภัณฑ์ 67'!G:G,'ครุภัณฑ์ 67'!C:C,"ยานพาหนะและขนส่ง",'ครุภัณฑ์ 67'!E:E,B24) -> 1358000 | D24: =SUMIFS('ครุภัณฑ์ 67'!F:F,'ครุภัณฑ์ 67'!C:C,"ยานพาหนะและขนส่ง",'ครุภัณฑ์ 67'!E:E,B24) -> 1 | E24: =C24 -> 1358000 | F24: =SUMIFS('ครุภัณฑ์ 68'!G:G,'ครุภัณฑ์ 68'!C:C,"ยานพาหนะและขนส่ง",'ครุภัณฑ์ 68'!E:E,B24) -> 0 | G24: =SUMIFS('ครุภัณฑ์ 68'!F:F,'ครุภัณฑ์ 68'!C:C,"ยานพาหนะและขนส่ง",'ครุภัณฑ์ 68'!E:E,B24) -> 0 | H24: =F24 -> 0 | I24: =SUMIFS('ครุภัณฑ์ 69'!G:G,'ครุภัณฑ์ 69'!C:C,"ยานพาหนะและขนส่ง",'ครุภัณฑ์ 69'!E:E,B24) -> 0 | J24: =SUMIFS('ครุภัณฑ์ 69'!F:F,'ครุภัณฑ์ 69'!C:C,"ยานพาหนะและขนส่ง",'ครุภัณฑ์ 69'!E:E,B24) -> 0 | K24: =I24 -> 0 | L24: =SUMIFS('รวมครุภัณฑ์ 70'!L:L,'รวมครุภัณฑ์ 70'!C:C,"ครุภัณฑ์ยานพาหนะและขนส่ง",'รวมครุภัณฑ์ 70'!H:H,B24) -> 0 | M24: =SUMIFS('รวมครุภัณฑ์ 70'!Q:Q,'รวมครุภัณฑ์ 70'!C:C,"ครุภัณฑ์ยานพาหนะและขนส่ง",'รวมครุภัณฑ์ 70'!H:H,B24) -> 0 | N24: =SUMIFS('รวมครุภัณฑ์ 70'!R:R,'รวมครุภัณฑ์ 70'!C:C,"ครุภัณฑ์ยานพาหนะและขนส่ง",'รวมครุภัณฑ์ 70'!H:H,B24) -> 0 | O24: =M24+N24 -> 0 | P24: =L24 -> 0
A25: นครราชสีมา | B25: พมจ.นครราชสีมา | C25: =SUMIFS('ครุภัณฑ์ 67'!G:G,'ครุภัณฑ์ 67'!C:C,"ยานพาหนะและขนส่ง",'ครุภัณฑ์ 67'!E:E,B25) -> 1090900 | D25: =SUMIFS('ครุภัณฑ์ 67'!F:F,'ครุภัณฑ์ 67'!C:C,"ยานพาหนะและขนส่ง",'ครุภัณฑ์ 67'!E:E,B25) -> 1 | E25: =C25 -> 1090900 | F25: =SUMIFS('ครุภัณฑ์ 68'!G:G,'ครุภัณฑ์ 68'!C:C,"ยานพาหนะและขนส่ง",'ครุภัณฑ์ 68'!E:E,B25) -> 0 | G25: =SUMIFS('ครุภัณฑ์ 68'!F:F,'ครุภัณฑ์ 68'!C:C,"ยานพาหนะและขนส่ง",'ครุภัณฑ์ 68'!E:E,B25) -> 0 | H25: =F25 -> 0 | I25: =SUMIFS('ครุภัณฑ์ 69'!G:G,'ครุภัณฑ์ 69'!C:C,"ยานพาหนะและขนส่ง",'ครุภัณฑ์ 69'!E:E,B25) -> 0 | J25: =SUMIFS('ครุภัณฑ์ 69'!F:F,'ครุภัณฑ์ 69'!C:C,"ยานพาหนะและขนส่ง",'ครุภัณฑ์ 69'!E:E,B25) -> 0 | K25: =I25 -> 0 | L25: =SUMIFS('รวมครุภัณฑ์ 70'!L:L,'รวมครุภัณฑ์ 70'!C:C,"ครุภัณฑ์ยานพาหนะและขนส่ง",'รวมครุภัณฑ์ 70'!H:H,B25) -> 2975000 | M25: =SUMIFS('รวมครุภัณฑ์ 70'!Q:Q,'รวมครุภัณฑ์ 70'!C:C,"ครุภัณฑ์ยานพาหนะและขนส่ง",'รวมครุภัณฑ์ 70'!H:H,B25) -> 1 | N25: =SUMIFS('รวมครุภัณฑ์ 70'!R:R,'รวมครุภัณฑ์ 70'!C:C,"ครุภัณฑ์ยานพาหนะและขนส่ง",'รวมครุภัณฑ์ 70'!H:H,B25) -> 1 | O25: =M25+N25 -> 2 | P25: =L25 -> 2975000
A26: นครราชสีมา | B26: สคม.บ้านนารีสวัสดิ์ | C26: =SUMIFS('ครุภัณฑ์ 67'!G:G,'ครุภัณฑ์ 67'!C:C,"ยานพาหนะและขนส่ง",'ครุภัณฑ์ 67'!E:E,B26) -> 0 | D26: =SUMIFS('ครุภัณฑ์ 67'!F:F,'ครุภัณฑ์ 67'!C:C,"ยานพาหนะและขนส่ง",'ครุภัณฑ์ 67'!E:E,B26) -> 0 | E26: =C26 -> 0 | F26: =SUMIFS('ครุภัณฑ์ 68'!G:G,'ครุภัณฑ์ 68'!C:C,"ยานพาหนะและขนส่ง",'ครุภัณฑ์ 68'!E:E,B26) -> 0 | G26: =SUMIFS('ครุภัณฑ์ 68'!F:F,'ครุภัณฑ์ 68'!C:C,"ยานพาหนะและขนส่ง",'ครุภัณฑ์ 68'!E:E,B26) -> 0 | H26: =F26 -> 0 | I26: =SUMIFS('ครุภัณฑ์ 69'!G:G,'ครุภัณฑ์ 69'!C:C,"ยานพาหนะและขนส่ง",'ครุภัณฑ์ 69'!E:E,B26) -> 0 | J26: =SUMIFS('ครุภัณฑ์ 69'!F:F,'ครุภัณฑ์ 69'!C:C,"ยานพาหนะและขนส่ง",'ครุภัณฑ์ 69'!E:E,B26) -> 0 | K26: =I26 -> 0 | L26: =SUMIFS('รวมครุภัณฑ์ 70'!L:L,'รวมครุภัณฑ์ 70'!C:C,"ครุภัณฑ์ยานพาหนะและขนส่ง",'รวมครุภัณฑ์ 70'!H:H,B26) -> 0 | M26: =SUMIFS('รวมครุภัณฑ์ 70'!Q:Q,'รวมครุภัณฑ์ 70'!C:C,"ครุภัณฑ์ยานพาหนะและขนส่ง",'รวมครุภัณฑ์ 70'!H:H,B26) -> 0 | N26: =SUMIFS('รวมครุภัณฑ์ 70'!R:R,'รวมครุภัณฑ์ 70'!C:C,"ครุภัณฑ์ยานพาหนะและขนส่ง",'รวมครุภัณฑ์ 70'!H:H,B26) -> 0 | O26: =M26+N26 -> 0 | P26: =L26 -> 0
A27: นครราชสีมา | B27: สสว.4 | C27: =SUMIFS('ครุภัณฑ์ 67'!G:G,'ครุภัณฑ์ 67'!C:C,"ยานพาหนะและขนส่ง",'ครุภัณฑ์ 67'!E:E,B27) -> 0 | D27: =SUMIFS('ครุภัณฑ์ 67'!F:F,'ครุภัณฑ์ 67'!C:C,"ยานพาหนะและขนส่ง",'ครุภัณฑ์ 67'!E:E,B27) -> 0 | E27: =C27 -> 0 | F27: =SUMIFS('ครุภัณฑ์ 68'!G:G,'ครุภัณฑ์ 68'!C:C,"ยานพาหนะและขนส่ง",'ครุภัณฑ์ 68'!E:E,B27) -> 0 | G27: =SUMIFS('ครุภัณฑ์ 68'!F:F,'ครุภัณฑ์ 68'!C:C,"ยานพาหนะและขนส่ง",'ครุภัณฑ์ 68'!E:E,B27) -> 0 | H27: =F27 -> 0 | I27: =SUMIFS('ครุภัณฑ์ 69'!G:G,'ครุภัณฑ์ 69'!C:C,"ยานพาหนะและขนส่ง",'ครุภัณฑ์ 69'!E:E,B27) -> 1941800 | J27: =SUMIFS('ครุภัณฑ์ 69'!F:F,'ครุภัณฑ์ 69'!C:C,"ยานพาหนะและขนส่ง",'ครุภัณฑ์ 69'!E:E,B27) -> 2 | K27: =I27 -> 1941800 | L27: =SUMIFS('รวมครุภัณฑ์ 70'!L:L,'รวมครุภัณฑ์ 70'!C:C,"ครุภัณฑ์ยานพาหนะและขนส่ง",'รวมครุภัณฑ์ 70'!H:H,B27) -> 0 | M27: =SUMIFS('รวมครุภัณฑ์ 70'!Q:Q,'รวมครุภัณฑ์ 70'!C:C,"ครุภัณฑ์ยานพาหนะและขนส่ง",'รวมครุภัณฑ์ 70'!H:H,B27) -> 0 | N27: =SUMIFS('รวมครุภัณฑ์ 70'!R:R,'รวมครุภัณฑ์ 70'!C:C,"ครุภัณฑ์ยานพาหนะและขนส่ง",'รวมครุภัณฑ์ 70'!H:H,B27) -> 0 | O27: =M27+N27 -> 0 | P27: =L27 -> 0
A28: บึงกาฬ | B28: พมจ.บึงกาฬ | C28: =SUMIFS('ครุภัณฑ์ 67'!G:G,'ครุภัณฑ์ 67'!C:C,"ยานพาหนะและขนส่ง",'ครุภัณฑ์ 67'!E:E,B28) -> 0 | D28: =SUMIFS('ครุภัณฑ์ 67'!F:F,'ครุภัณฑ์ 67'!C:C,"ยานพาหนะและขนส่ง",'ครุภัณฑ์ 67'!E:E,B28) -> 0 | E28: =C28 -> 0 | F28: =SUMIFS('ครุภัณฑ์ 68'!G:G,'ครุภัณฑ์ 68'!C:C,"ยานพาหนะและขนส่ง",'ครุภัณฑ์ 68'!E:E,B28) -> 0 | G28: =SUMIFS('ครุภัณฑ์ 68'!F:F,'ครุภัณฑ์ 68'!C:C,"ยานพาหนะและขนส่ง",'ครุภัณฑ์ 68'!E:E,B28) -> 0 | H28: =F28 -> 0 | I28: =SUMIFS('ครุภัณฑ์ 69'!G:G,'ครุภัณฑ์ 69'!C:C,"ยานพาหนะและขนส่ง",'ครุภัณฑ์ 69'!E:E,B28) -> 0 | J28: =SUMIFS('ครุภัณฑ์ 69'!F:F,'ครุภัณฑ์ 69'!C:C,"ยานพาหนะและขนส่ง",'ครุภัณฑ์ 69'!E:E,B28) -> 0 | K28: =I28 -> 0 | L28: =SUMIFS('รวมครุภัณฑ์ 70'!L:L,'รวมครุภัณฑ์ 70'!C:C,"ครุภัณฑ์ยานพาหนะและขนส่ง",'รวมครุภัณฑ์ 70'!H:H,B28) -> 1207900 | M28: =SUMIFS('รวมครุภัณฑ์ 70'!Q:Q,'รวมครุภัณฑ์ 70'!C:C,"ครุภัณฑ์ยานพาหนะและขนส่ง",'รวมครุภัณฑ์ 70'!H:H,B28) -> 1 | N28: =SUMIFS('รวมครุภัณฑ์ 70'!R:R,'รวมครุภัณฑ์ 70'!C:C,"ครุภัณฑ์ยานพาหนะและขนส่ง",'รวมครุภัณฑ์ 70'!H:H,B28) -> 0 | O28: =M28+N28 -> 1 | P28: =L28 -> 1207900
A29: บุรีรัมย์ | B29: พมจ.บุรีรัมย์ | C29: =SUMIFS('ครุภัณฑ์ 67'!G:G,'ครุภัณฑ์ 67'!C:C,"ยานพาหนะและขนส่ง",'ครุภัณฑ์ 67'!E:E,B29) -> 3539800 | D29: =SUMIFS('ครุภัณฑ์ 67'!F:F,'ครุภัณฑ์ 67'!C:C,"ยานพาหนะและขนส่ง",'ครุภัณฑ์ 67'!E:E,B29) -> 3 | E29: =C29 -> 3539800 | F29: =SUMIFS('ครุภัณฑ์ 68'!G:G,'ครุภัณฑ์ 68'!C:C,"ยานพาหนะและขนส่ง",'ครุภัณฑ์ 68'!E:E,B29) -> 0 | G29: =SUMIFS('ครุภัณฑ์ 68'!F:F,'ครุภัณฑ์ 68'!C:C,"ยานพาหนะและขนส่ง",'ครุภัณฑ์ 68'!E:E,B29) -> 0 | H29: =F29 -> 0 | I29: =SUMIFS('ครุภัณฑ์ 69'!G:G,'ครุภัณฑ์ 69'!C:C,"ยานพาหนะและขนส่ง",'ครุภัณฑ์ 69'!E:E,B29) -> 0 | J29: =SUMIFS('ครุภัณฑ์ 69'!F:F,'ครุภัณฑ์ 69'!C:C,"ยานพาหนะและขนส่ง",'ครุภัณฑ์ 69'!E:E,B29) -> 0 | K29: =I29 -> 0 | L29: =SUMIFS('รวมครุภัณฑ์ 70'!L:L,'รวมครุภัณฑ์ 70'!C:C,"ครุภัณฑ์ยานพาหนะและขนส่ง",'รวมครุภัณฑ์ 70'!H:H,B29) -> 0 | M29: =SUMIFS('รวมครุภัณฑ์ 70'!Q:Q,'รวมครุภัณฑ์ 70'!C:C,"ครุภัณฑ์ยานพาหนะและขนส่ง",'รวมครุภัณฑ์ 70'!H:H,B29) -> 0 | N29: =SUMIFS('รวมครุภัณฑ์ 70'!R:R,'รวมครุภัณฑ์ 70'!C:C,"ครุภัณฑ์ยานพาหนะและขนส่ง",'รวมครุภัณฑ์ 70'!H:H,B29) -> 0 | O29: =M29+N29 -> 0 | P29: =L29 -> 0
